"car_ims/012501.jpg",152,13,41,124,83,
"car_ims/012504.jpg",152,0,36,412,212,
"car_ims/012505.jpg",152,58,257,724,494,
"car_ims/012506.jpg",152,51,120,383,293,
"car_ims/012509.jpg",152,52,31,484,307,
"car_ims/012510.jpg",152,7,38,184,107,
"car_ims/012511.jpg",152,254,365,1714,988,
"car_ims/012512.jpg",152,14,45,259,142,
"car_ims/012513.jpg",152,167,206,598,367,
"car_ims/012514.jpg",152,21,44,284,166,
"car_ims/012517.jpg",152,124,229,1252,785,
"car_ims/012520.jpg",153,11,178,630,433,
"car_ims/012521.jpg",153,77,94,576,350,
"car_ims/012527.jpg",153,359,768,1361,1084,
"car_ims/012529.jpg",153,148,7,318,104,
"car_ims/012533.jpg",153,7,83,375,186,
"car_ims/012534.jpg",153,54,140,603,312,
"car_ims/012535.jpg",153,46,261,1211,871,
"car_ims/012536.jpg",153,17,74,263,152,
"car_ims/012537.jpg",153,86,93,625,394,
"car_ims/012540.jpg",153,43,157,488,374,
"car_ims/012542.jpg",153,32,277,619,443,
"car_ims/012543.jpg",153,25,133,566,330,
"car_ims/012544.jpg",153,26,65,559,383,
"car_ims/012546.jpg",153,25,63,555,347,
"car_ims/012547.jpg",153,19,200,984,492,
"car_ims/012548.jpg",153,27,72,845,536,
"car_ims/012550.jpg",153,80,50,1177,887,
"car_ims/012551.jpg",153,72,218,445,366,
"car_ims/012552.jpg",153,38,190,666,419,
"car_ims/012553.jpg",153,70,114,125,283,
"car_ims/012554.jpg",153,7,108,1908,1050,
"car_ims/012555.jpg",153,12,114,322,221,
"car_ims/012556.jpg",153,65,249,961,541,
"car_ims/012557.jpg",153,24,34,277,177,
"car_ims/012561.jpg",153,47,102,448,255,
"car_ims/012562.jpg",153,154,200,636,330,
"car_ims/012564.jpg",153,77,478,943,691,
"car_ims/012565.jpg",153,20,59,621,341,
"car_ims/012566.jpg",153,9,147,1274,793,
"car_ims/012567.jpg",153,67,118,498,262,
"car_ims/012571.jpg",153,29,140,413,279,
"car_ims/012572.jpg",153,103,152,471,260,
"car_ims/012573.jpg",153,35,136,576,299,
"car_ims/012574.jpg",153,23,92,220,158,
"car_ims/012577.jpg",153,50,67,126,227,
"car_ims/012580.jpg",153,77,76,334,222,
"car_ims/012581.jpg",153,94,274,856,646,
"car_ims/012583.jpg",153,118,239,597,484,
"car_ims/012584.jpg",153,56,156,496,360,
"car_ims/012587.jpg",153,1,42,93,263,
"car_ims/012589.jpg",153,36,41,349,214,
"car_ims/012590.jpg",153,50,55,559,297,
"car_ims/012592.jpg",153,12,17,529,363,
"car_ims/012593.jpg",153,50,133,559,341,
"car_ims/012595.jpg",153,8,40,307,175,
"car_ims/012600.jpg",153,65,163,568,433,
"car_ims/012601.jpg",153,438,418,1079,731,
"car_ims/012604.jpg",153,214,361,1484,873,
"car_ims/012606.jpg",153,83,159,444,272,
"car_ims/012608.jpg",154,14,32,492,290,
"car_ims/012609.jpg",154,83,83,548,305,
"car_ims/012610.jpg",154,949,146,1022,274,
"car_ims/012611.jpg",154,374,91,402,130,
"car_ims/012614.jpg",154,504,177,531,266,
"car_ims/012615.jpg",154,121,20,906,696,
"car_ims/012616.jpg",154,11,30,613,456,
"car_ims/012618.jpg",154,60,320,445,559,
"car_ims/012619.jpg",154,91,156,209,189,
"car_ims/012623.jpg",154,501,276,1375,1005,
"car_ims/012624.jpg",154,654,138,797,177,
"car_ims/012625.jpg",154,51,77,584,388,
"car_ims/012628.jpg",154,47,51,537,371,
"car_ims/012629.jpg",154,28,25,608,290,
"car_ims/012630.jpg",154,34,79,562,333,
"car_ims/012631.jpg",154,109,62,498,332,
"car_ims/012632.jpg",154,33,20,471,307,
"car_ims/012635.jpg",154,90,81,281,152,
"car_ims/012636.jpg",154,1,198,72,305,
"car_ims/012638.jpg",154,34,166,114,200,
"car_ims/012639.jpg",154,220,116,828,425,
"car_ims/012640.jpg",154,984,98,1024,128,
"car_ims/012643.jpg",154,27,56,484,296,
"car_ims/012644.jpg",154,169,99,636,429,
"car_ims/012645.jpg",154,483,118,531,192,
"car_ims/012647.jpg",154,85,97,983,606,
"car_ims/012648.jpg",154,184,67,261,121,
"car_ims/012649.jpg",154,252,98,276,123,
"car_ims/012653.jpg",154,34,33,588,357,
"car_ims/012654.jpg",154,74,98,523,336,
"car_ims/012655.jpg",154,45,91,574,422,
"car_ims/012657.jpg",154,32,137,600,358,
"car_ims/012659.jpg",154,46,22,548,326,
"car_ims/012660.jpg",154,137,99,1309,987,
"car_ims/012661.jpg",154,66,206,933,553,
"car_ims/012662.jpg",154,16,52,586,396,
"car_ims/012663.jpg",154,295,156,1644,919,
"car_ims/012667.jpg",154,133,302,1489,961,
"car_ims/012669.jpg",154,47,29,466,297,
"car_ims/012670.jpg",154,1,210,58,277,
"car_ims/012672.jpg",154,152,150,635,333,
"car_ims/012673.jpg",154,68,117,963,727,
"car_ims/012674.jpg",154,53,160,1241,758,
"car_ims/012677.jpg",154,14,105,673,436,
"car_ims/012687.jpg",154,9,64,95,148,
"car_ims/012689.jpg",154,21,103,635,333,
"car_ims/012692.jpg",155,0,61,427,254,
"car_ims/012693.jpg",155,50,71,436,282,
"car_ims/012695.jpg",155,9,67,394,232,
"car_ims/012696.jpg",155,65,157,530,342,
"car_ims/012697.jpg",155,62,6,816,313,
"car_ims/012700.jpg",155,597,207,640,254,
"car_ims/012703.jpg",155,146,40,659,575,
"car_ims/012704.jpg",155,51,137,417,279,
"car_ims/012706.jpg",155,24,81,252,173,
"car_ims/012708.jpg",155,15,73,604,388,
"car_ims/012711.jpg",155,298,95,472,176,
"car_ims/012712.jpg",155,22,87,377,274,
"car_ims/012713.jpg",155,51,159,595,448,
"car_ims/012717.jpg",155,30,115,610,366,
"car_ims/012718.jpg",155,69,74,129,108,
"car_ims/012720.jpg",155,0,60,401,233,
"car_ims/012726.jpg",155,45,45,432,237,
"car_ims/012727.jpg",155,126,58,169,80,
"car_ims/012728.jpg",155,128,70,578,407,
"car_ims/012729.jpg",155,678,180,889,265,
"car_ims/012730.jpg",155,30,148,1019,703,
"car_ims/012731.jpg",155,0,96,71,237,
"car_ims/012737.jpg",155,29,116,1241,787,
"car_ims/012738.jpg",155,20,27,365,269,
"car_ims/012739.jpg",155,9,49,420,312,
"car_ims/012743.jpg",155,18,23,309,221,
"car_ims/012746.jpg",155,1,96,38,166,
"car_ims/012747.jpg",155,7,12,293,175,
"car_ims/012748.jpg",155,38,73,579,354,
"car_ims/012749.jpg",155,498,20,559,82,
"car_ims/012750.jpg",155,37,195,149,225,
"car_ims/012753.jpg",155,48,17,371,191,
"car_ims/012754.jpg",155,357,217,473,298,
"car_ims/012755.jpg",155,81,40,236,95,
"car_ims/012758.jpg",155,62,20,395,262,
"car_ims/012759.jpg",155,44,135,600,440,
"car_ims/012762.jpg",155,65,59,316,234,
"car_ims/012763.jpg",155,46,240,779,524,
"car_ims/012768.jpg",155,28,204,175,565,
"car_ims/012770.jpg",155,68,111,492,336,
"car_ims/012772.jpg",155,11,213,118,284,
"car_ims/012773.jpg",155,115,45,242,135,
"car_ims/012774.jpg",155,354,367,1378,880,
"car_ims/012776.jpg",155,53,68,361,210,
"car_ims/012778.jpg",156,39,81,636,363,
"car_ims/012781.jpg",156,12,55,246,126,
"car_ims/012783.jpg",156,31,30,244,150,
"car_ims/012790.jpg",156,64,67,479,284,
"car_ims/012792.jpg",156,46,383,998,736,
"car_ims/012796.jpg",156,103,76,527,391,
"car_ims/012798.jpg",156,19,123,613,411,
"car_ims/012801.jpg",156,10,100,292,186,
"car_ims/012802.jpg",156,13,92,459,277,
"car_ims/012803.jpg",156,18,79,280,189,
"car_ims/012804.jpg",156,32,110,458,305,
"car_ims/012805.jpg",156,21,73,457,294,
"car_ims/012807.jpg",156,145,92,521,378,
"car_ims/012808.jpg",156,15,53,255,175,
"car_ims/012809.jpg",156,39,59,553,337,
"car_ims/012810.jpg",156,185,291,860,563,
"car_ims/012811.jpg",156,17,26,285,218,
"car_ims/012812.jpg",156,7,31,264,149,
"car_ims/012814.jpg",156,11,24,250,162,
"car_ims/012817.jpg",156,20,124,580,317,
"car_ims/012820.jpg",156,4,49,290,175,
"car_ims/012821.jpg",156,30,67,224,151,
"car_ims/012823.jpg",156,7,37,258,147,
"car_ims/012826.jpg",156,7,61,492,240,
"car_ims/012827.jpg",156,120,95,1012,609,
"car_ims/012830.jpg",156,12,69,412,255,
"car_ims/012834.jpg",156,16,28,243,173,
"car_ims/012837.jpg",156,29,51,234,158,
"car_ims/012840.jpg",156,16,12,265,172,
"car_ims/012842.jpg",156,13,2,408,115,
"car_ims/012845.jpg",156,13,26,288,201,
"car_ims/012846.jpg",156,96,59,536,275,
"car_ims/012854.jpg",156,45,30,246,148,
"car_ims/012856.jpg",157,53,46,272,177,
"car_ims/012860.jpg",157,135,85,546,350,
"car_ims/012861.jpg",157,35,57,533,339,
"car_ims/012862.jpg",157,242,73,1265,836,
"car_ims/012863.jpg",157,126,60,669,464,
"car_ims/012864.jpg",157,480,336,628,394,
"car_ims/012865.jpg",157,46,33,179,106,
"car_ims/012866.jpg",157,46,25,345,183,
"car_ims/012868.jpg",157,33,169,588,378,
"car_ims/012869.jpg",157,0,33,148,138,
"car_ims/012871.jpg",157,37,71,281,183,
"car_ims/012872.jpg",157,8,32,281,139,
"car_ims/012873.jpg",157,45,17,222,138,
"car_ims/012875.jpg",157,47,181,684,466,
"car_ims/012877.jpg",157,10,45,480,351,
"car_ims/012879.jpg",157,49,74,332,280,
"car_ims/012881.jpg",157,23,27,300,215,
"car_ims/012882.jpg",157,222,65,549,255,
"car_ims/012885.jpg",157,108,318,785,560,
"car_ims/012888.jpg",157,63,58,84,74,
"car_ims/012889.jpg",157,43,86,510,282,
"car_ims/012891.jpg",157,79,185,1181,766,
"car_ims/012892.jpg",157,57,41,637,451,
"car_ims/012893.jpg",157,11,44,264,173,
"car_ims/012894.jpg",157,141,105,461,357,
"car_ims/012895.jpg",157,56,51,493,265,
"car_ims/012899.jpg",157,34,67,543,391,
"car_ims/012900.jpg",157,34,33,212,152,
"car_ims/012901.jpg",157,437,286,2032,1101,
"car_ims/012903.jpg",157,42,32,597,331,
"car_ims/012904.jpg",157,43,66,418,279,
"car_ims/012906.jpg",157,147,136,505,393,
"car_ims/012907.jpg",157,121,79,443,298,
"car_ims/012908.jpg",157,67,36,560,308,
"car_ims/012910.jpg",157,153,638,1962,1317,
"car_ims/012911.jpg",157,26,24,194,157,
"car_ims/012914.jpg",157,15,27,205,116,
"car_ims/012916.jpg",157,54,56,329,205,
"car_ims/012917.jpg",157,464,487,1546,1016,
"car_ims/012920.jpg",157,5,8,210,111,
"car_ims/012922.jpg",157,128,106,545,366,
"car_ims/012925.jpg",157,267,117,800,497,
"car_ims/012926.jpg",157,79,113,456,273,
"car_ims/012928.jpg",158,123,57,265,167,
"car_ims/012929.jpg",158,435,273,2044,906,
"car_ims/012932.jpg",158,4,93,319,182,
"car_ims/012933.jpg",158,37,21,498,353,
"car_ims/012934.jpg",158,12,79,555,318,
"car_ims/012935.jpg",158,39,157,945,535,
"car_ims/012937.jpg",158,187,42,204,56,
"car_ims/012938.jpg",158,10,109,493,256,
"car_ims/012942.jpg",158,23,88,593,295,
"car_ims/012943.jpg",158,20,133,793,463,
"car_ims/012946.jpg",158,1,33,188,182,
"car_ims/012954.jpg",158,182,101,603,412,
"car_ims/012958.jpg",158,43,98,1230,730,
"car_ims/012959.jpg",158,1,38,120,110,
"car_ims/012960.jpg",158,1,5,100,60,
"car_ims/012961.jpg",158,132,54,635,450,
"car_ims/012963.jpg",158,68,358,732,551,
"car_ims/012965.jpg",158,10,109,564,377,
"car_ims/012966.jpg",158,23,29,238,176,
"car_ims/012968.jpg",158,34,4,479,211,
"car_ims/012969.jpg",158,24,140,141,170,
"car_ims/012971.jpg",158,0,62,695,454,
"car_ims/012972.jpg",158,21,23,255,188,
"car_ims/012973.jpg",158,17,58,316,190,
"car_ims/012974.jpg",158,29,8,270,145,
"car_ims/012976.jpg",158,86,164,110,183,
"car_ims/012977.jpg",158,1,42,159,91,
"car_ims/012978.jpg",158,103,51,1498,1106,
"car_ims/012980.jpg",158,4,151,398,293,
"car_ims/012981.jpg",158,0,38,150,138,
"car_ims/012982.jpg",158,91,67,498,293,
"car_ims/012983.jpg",158,7,98,439,251,
"car_ims/012984.jpg",158,192,322,666,481,
"car_ims/012985.jpg",158,20,60,384,173,
"car_ims/012986.jpg",159,42,99,634,350,
"car_ims/012987.jpg",159,375,60,478,177,
"car_ims/012989.jpg",159,12,39,409,246,
"car_ims/012990.jpg",159,15,17,384,191,
"car_ims/012992.jpg",159,41,43,493,294,
"car_ims/012993.jpg",159,65,175,152,294,
"car_ims/012994.jpg",159,18,61,627,391,
"car_ims/012996.jpg",159,59,26,414,331,
"car_ims/012999.jpg",159,12,20,367,217,
"car_ims/013003.jpg",159,236,41,290,100,
"car_ims/013006.jpg",159,48,151,743,474,
"car_ims/013009.jpg",159,10,15,481,260,
"car_ims/013010.jpg",159,333,490,1205,909,
"car_ims/013011.jpg",159,52,88,957,688,
"car_ims/013015.jpg",159,645,287,910,398,
"car_ims/013017.jpg",159,20,35,340,234,
"car_ims/013020.jpg",159,47,153,534,367,
"car_ims/013023.jpg",159,81,174,1206,792,
"car_ims/013024.jpg",159,30,37,775,353,
"car_ims/013026.jpg",159,50,58,72,104,
"car_ims/013027.jpg",159,11,54,427,255,
"car_ims/013029.jpg",159,1,262,82,385,
"car_ims/013030.jpg",159,31,24,530,221,
"car_ims/013031.jpg",159,203,420,824,736,
"car_ims/013032.jpg",159,66,84,592,419,
"car_ims/013034.jpg",159,1234,464,1436,568,
"car_ims/013036.jpg",159,25,50,302,177,
"car_ims/013037.jpg",159,33,116,611,361,
"car_ims/013039.jpg",159,26,35,375,207,
"car_ims/013040.jpg",159,145,273,1201,692,
"car_ims/013041.jpg",159,30,57,613,389,
"car_ims/013042.jpg",159,15,28,488,265,
"car_ims/013043.jpg",159,22,36,390,253,
"car_ims/013045.jpg",159,52,83,109,99,
"car_ims/013049.jpg",159,126,252,1180,693,
"car_ims/013051.jpg",159,604,85,640,135,
"car_ims/013053.jpg",159,90,11,503,232,
"car_ims/013058.jpg",160,2,60,298,204,
"car_ims/013059.jpg",160,37,97,755,400,
"car_ims/013060.jpg",160,48,75,553,318,
"car_ims/013061.jpg",160,131,186,911,595,
"car_ims/013062.jpg",160,61,345,1257,767,
"car_ims/013067.jpg",160,17,46,282,164,
"car_ims/013068.jpg",160,120,287,1512,874,
"car_ims/013069.jpg",160,227,207,534,327,
"car_ims/013070.jpg",160,8,35,294,162,
"car_ims/013071.jpg",160,17,73,459,263,
"car_ims/013073.jpg",160,23,27,271,171,
"car_ims/013075.jpg",160,119,261,633,514,
"car_ims/013076.jpg",160,127,390,1584,1006,
"car_ims/013078.jpg",160,109,101,530,395,
"car_ims/013079.jpg",160,66,409,896,640,
"car_ims/013084.jpg",160,179,128,416,269,
"car_ims/013085.jpg",160,250,194,1593,970,
"car_ims/013086.jpg",160,9,106,783,398,
"car_ims/013087.jpg",160,65,189,459,351,
"car_ims/013088.jpg",160,91,91,537,363,
"car_ims/013091.jpg",160,135,181,580,313,
"car_ims/013092.jpg",160,170,156,834,464,
"car_ims/013093.jpg",160,1044,694,1524,974,
"car_ims/013095.jpg",160,138,347,1389,851,
"car_ims/013096.jpg",160,11,73,343,212,
"car_ims/013097.jpg",160,505,46,1066,354,
"car_ims/013099.jpg",160,59,227,670,460,
"car_ims/013100.jpg",160,99,120,925,634,
"car_ims/013101.jpg",160,22,219,301,298,
"car_ims/013102.jpg",160,63,58,410,301,
"car_ims/013105.jpg",160,85,72,557,383,
"car_ims/013108.jpg",160,115,166,997,477,
"car_ims/013111.jpg",160,104,16,562,364,
"car_ims/013112.jpg",160,59,265,1079,645,
"car_ims/013114.jpg",160,55,50,274,145,
"car_ims/013115.jpg",160,36,60,274,144,
"car_ims/013119.jpg",160,109,86,532,319,
"car_ims/013120.jpg",160,39,222,960,522,
"car_ims/013122.jpg",160,140,378,1093,697,
"car_ims/013123.jpg",160,71,77,683,449,
"car_ims/013124.jpg",160,52,140,755,434,
"car_ims/013125.jpg",160,19,57,273,149,
"car_ims/013126.jpg",160,31,125,609,352,
"car_ims/013127.jpg",160,27,40,276,174,
"car_ims/013128.jpg",160,174,390,1702,1118,
"car_ims/013130.jpg",160,341,194,825,436,
"car_ims/013131.jpg",160,83,108,785,383,
"car_ims/013132.jpg",160,538,152,1133,528,
"car_ims/013134.jpg",160,101,297,791,559,
"car_ims/013135.jpg",160,117,500,2763,1904,
"car_ims/013137.jpg",160,5,58,297,182,
"car_ims/013138.jpg",160,23,17,458,249,
"car_ims/013141.jpg",160,267,248,1091,699,
"car_ims/013142.jpg",160,107,444,827,733,
"car_ims/013144.jpg",160,107,311,1489,981,
"car_ims/013145.jpg",160,54,38,286,178,
"car_ims/013146.jpg",161,86,140,625,347,
"car_ims/013147.jpg",161,68,297,1324,719,
"car_ims/013148.jpg",161,57,256,1011,575,
"car_ims/013150.jpg",161,28,12,612,374,
"car_ims/013153.jpg",161,29,75,615,384,
"car_ims/013154.jpg",161,61,121,690,403,
"car_ims/013156.jpg",161,27,39,232,171,
"car_ims/013157.jpg",161,29,58,191,142,
"car_ims/013159.jpg",161,21,132,440,305,
"car_ims/013161.jpg",161,7,13,147,88,
"car_ims/013162.jpg",161,8,41,192,140,
"car_ims/013164.jpg",161,3,12,196,119,
"car_ims/013167.jpg",161,133,116,180,147,
"car_ims/013169.jpg",161,217,72,259,116,
"car_ims/013170.jpg",161,8,58,255,137,
"car_ims/013171.jpg",161,7,82,257,165,
"car_ims/013173.jpg",161,19,40,287,162,
"car_ims/013175.jpg",161,20,69,441,357,
"car_ims/013176.jpg",161,2,30,240,131,
"car_ims/013180.jpg",161,17,103,640,310,
"car_ims/013182.jpg",161,46,44,462,302,
"car_ims/013183.jpg",161,149,174,1371,754,
"car_ims/013185.jpg",161,742,400,971,543,
"car_ims/013186.jpg",161,11,6,210,110,
"car_ims/013188.jpg",161,47,153,475,298,
"car_ims/013190.jpg",161,477,318,567,401,
"car_ims/013191.jpg",161,9,6,251,179,
"car_ims/013193.jpg",161,57,164,557,359,
"car_ims/013194.jpg",161,7,33,193,130,
"car_ims/013196.jpg",161,170,57,258,96,
"car_ims/013199.jpg",161,9,60,282,145,
"car_ims/013200.jpg",161,19,120,391,232,
"car_ims/013201.jpg",161,10,13,543,409,
"car_ims/013202.jpg",161,5,28,247,174,
"car_ims/013203.jpg",161,32,54,212,143,
"car_ims/013205.jpg",161,132,83,913,522,
"car_ims/013207.jpg",161,4,37,212,138,
"car_ims/013209.jpg",161,10,71,254,142,
"car_ims/013210.jpg",161,44,154,577,384,
"car_ims/013212.jpg",161,14,38,245,137,
"car_ims/013213.jpg",161,19,28,243,165,
"car_ims/013214.jpg",161,7,4,157,67,
"car_ims/013216.jpg",161,52,21,385,239,
"car_ims/013217.jpg",161,82,126,527,390,
"car_ims/013218.jpg",161,12,37,225,161,
"car_ims/013219.jpg",161,21,33,385,194,
"car_ims/013220.jpg",161,5,43,244,120,
"car_ims/013223.jpg",161,38,45,372,228,
"car_ims/013227.jpg",161,3,42,78,79,
"car_ims/013229.jpg",161,130,378,934,626,
"car_ims/013231.jpg",161,18,24,592,383,
"car_ims/013232.jpg",161,8,41,121,89,
"car_ims/013238.jpg",161,54,114,583,440,
"car_ims/013239.jpg",161,136,258,1214,722,
"car_ims/013240.jpg",161,19,34,241,124,
"car_ims/013241.jpg",161,71,2,133,27,
"car_ims/013244.jpg",162,16,70,283,164,
"car_ims/013245.jpg",162,1232,238,1427,409,
"car_ims/013249.jpg",162,60,57,473,263,
"car_ims/013251.jpg",162,1,78,37,113,
"car_ims/013253.jpg",162,15,29,241,159,
"car_ims/013254.jpg",162,162,97,791,409,
"car_ims/013257.jpg",162,8,37,253,174,
"car_ims/013259.jpg",162,29,75,280,200,
"car_ims/013260.jpg",162,218,62,257,73,
"car_ims/013262.jpg",162,10,19,275,188,
"car_ims/013266.jpg",162,87,215,725,472,
"car_ims/013267.jpg",162,15,46,291,208,
"car_ims/013268.jpg",162,58,87,558,365,
"car_ims/013272.jpg",162,54,142,746,415,
"car_ims/013273.jpg",162,83,103,586,364,
"car_ims/013274.jpg",162,17,22,286,205,
"car_ims/013277.jpg",162,53,113,461,292,
"car_ims/013280.jpg",162,98,211,1096,675,
"car_ims/013282.jpg",162,400,83,636,219,
"car_ims/013283.jpg",162,16,20,390,176,
"car_ims/013284.jpg",162,21,43,613,408,
"car_ims/013287.jpg",162,34,51,268,188,
"car_ims/013290.jpg",162,23,83,545,365,
"car_ims/013294.jpg",162,59,61,502,386,
"car_ims/013296.jpg",162,13,42,610,341,
"car_ims/013297.jpg",162,95,126,368,264,
"car_ims/013298.jpg",162,44,47,319,159,
"car_ims/013301.jpg",162,22,76,228,164,
"car_ims/013304.jpg",162,96,152,442,289,
"car_ims/013305.jpg",162,20,63,379,234,
"car_ims/013308.jpg",162,27,171,560,362,
"car_ims/013309.jpg",162,163,329,1088,792,
"car_ims/013310.jpg",162,21,58,292,175,
"car_ims/013314.jpg",162,26,56,284,168,
"car_ims/013315.jpg",162,8,17,241,161,
"car_ims/013316.jpg",162,33,107,613,375,
"car_ims/013319.jpg",162,34,84,569,362,
"car_ims/013329.jpg",162,31,106,785,543,
"car_ims/013333.jpg",163,53,121,514,397,
"car_ims/013337.jpg",163,17,131,431,286,
"car_ims/013338.jpg",163,49,63,522,333,
"car_ims/013339.jpg",163,57,129,423,342,
"car_ims/013340.jpg",163,34,37,439,230,
"car_ims/013342.jpg",163,33,112,599,407,
"car_ims/013345.jpg",163,40,51,766,542,
"car_ims/013347.jpg",163,181,133,679,453,
"car_ims/013349.jpg",163,84,124,424,280,
"car_ims/013350.jpg",163,44,101,604,389,
"car_ims/013351.jpg",163,60,427,1509,1118,
"car_ims/013352.jpg",163,180,193,365,319,
"car_ims/013353.jpg",163,124,249,493,386,
"car_ims/013355.jpg",163,325,414,1435,1007,
"car_ims/013356.jpg",163,124,119,594,439,
"car_ims/013358.jpg",163,16,95,587,305,
"car_ims/013359.jpg",163,127,424,1158,801,
"car_ims/013365.jpg",163,513,293,760,454,
"car_ims/013367.jpg",163,109,245,929,590,
"car_ims/013369.jpg",163,81,53,394,202,
"car_ims/013371.jpg",163,302,236,1088,713,
"car_ims/013372.jpg",163,54,127,454,268,
"car_ims/013374.jpg",163,486,637,1597,1282,
"car_ims/013377.jpg",163,96,109,459,326,
"car_ims/013379.jpg",163,95,124,214,203,
"car_ims/013380.jpg",163,54,245,589,532,
"car_ims/013382.jpg",163,44,231,533,426,
"car_ims/013383.jpg",163,38,88,449,261,
"car_ims/013385.jpg",163,260,250,1512,1031,
"car_ims/013386.jpg",163,46,57,495,292,
"car_ims/013387.jpg",163,633,646,1449,1008,
"car_ims/013388.jpg",163,336,612,906,892,
"car_ims/013390.jpg",163,36,54,969,737,
"car_ims/013391.jpg",163,62,170,410,314,
"car_ims/013394.jpg",163,6,25,216,131,1
"car_ims/013395.jpg",163,24,159,578,336,
"car_ims/013396.jpg",163,19,142,521,358,
"car_ims/013397.jpg",163,11,63,288,178,
"car_ims/013398.jpg",163,58,69,564,366,
"car_ims/013400.jpg",163,66,308,948,714,
"car_ims/013401.jpg",163,42,898,974,1411,
"car_ims/013402.jpg",163,29,125,425,283,
"car_ims/013403.jpg",163,22,53,525,293,
"car_ims/013405.jpg",163,125,586,630,906,
"car_ims/013406.jpg",164,191,413,1955,995,
"car_ims/013408.jpg",164,43,65,1143,689,
"car_ims/013409.jpg",164,41,275,975,629,
"car_ims/013411.jpg",164,31,147,995,589,
"car_ims/013417.jpg",164,2,126,181,393,
"car_ims/013419.jpg",164,179,609,1944,1424,
"car_ims/013420.jpg",164,116,398,679,615,
"car_ims/013421.jpg",164,681,94,906,421,
"car_ims/013422.jpg",164,40,202,974,579,
"car_ims/013423.jpg",164,161,330,1101,696,
"car_ims/013424.jpg",164,184,151,1080,600,
"car_ims/013425.jpg",164,84,250,1135,745,
"car_ims/013431.jpg",164,263,728,1382,1104,
"car_ims/013432.jpg",164,48,324,990,618,
"car_ims/013433.jpg",164,29,168,1003,701,
"car_ims/013435.jpg",164,93,240,951,621,
"car_ims/013437.jpg",164,4,60,402,391,
"car_ims/013443.jpg",164,120,333,965,780,
"car_ims/013447.jpg",164,64,298,984,682,
"car_ims/013450.jpg",164,862,1691,3925,2809,
"car_ims/013452.jpg",164,8,259,334,489,
"car_ims/013455.jpg",164,341,637,2555,1597,
"car_ims/013457.jpg",164,59,164,1002,672,
"car_ims/013459.jpg",164,134,191,798,537,
"car_ims/013463.jpg",164,75,159,897,652,
"car_ims/013465.jpg",164,305,406,944,638,
"car_ims/013468.jpg",164,128,416,1091,835,
"car_ims/013469.jpg",164,86,88,924,553,
"car_ims/013470.jpg",164,58,32,1449,614,
"car_ims/013471.jpg",164,249,328,902,636,
"car_ims/013473.jpg",164,85,249,950,636,
"car_ims/013474.jpg",164,58,113,951,568,
"car_ims/013476.jpg",164,516,545,1067,768,
"car_ims/013477.jpg",164,109,188,1196,686,
"car_ims/013479.jpg",164,24,173,977,698,
"car_ims/013484.jpg",164,443,244,975,475,
"car_ims/013486.jpg",164,84,58,1117,668,
"car_ims/013487.jpg",164,226,380,1459,919,
"car_ims/013488.jpg",164,137,133,1220,673,
"car_ims/013490.jpg",164,87,379,851,619,
"car_ims/013491.jpg",164,76,178,969,618,
"car_ims/013492.jpg",164,110,227,980,582,
"car_ims/013493.jpg",165,68,124,755,485,
"car_ims/013494.jpg",165,19,23,285,151,
"car_ims/013495.jpg",165,78,377,1507,1075,
"car_ims/013496.jpg",165,30,88,439,356,
"car_ims/013497.jpg",165,11,18,389,233,
"car_ims/013500.jpg",165,54,132,463,296,
"car_ims/013501.jpg",165,15,45,239,152,
"car_ims/013502.jpg",165,65,64,1202,633,
"car_ims/013503.jpg",165,18,47,318,190,
"car_ims/013504.jpg",165,43,74,600,390,
"car_ims/013506.jpg",165,130,125,759,429,
"car_ims/013509.jpg",165,21,163,770,506,
"car_ims/013510.jpg",165,9,72,314,209,
"car_ims/013511.jpg",165,35,55,251,159,
"car_ims/013513.jpg",165,46,47,278,172,
"car_ims/013515.jpg",165,18,51,232,158,
"car_ims/013516.jpg",165,196,517,1649,1009,
"car_ims/013517.jpg",165,55,116,490,306,
"car_ims/013518.jpg",165,20,69,396,244,
"car_ims/013521.jpg",165,87,72,193,148,
"car_ims/013522.jpg",165,24,75,601,375,
"car_ims/013524.jpg",165,14,48,611,411,
"car_ims/013525.jpg",165,502,69,636,162,
"car_ims/013526.jpg",165,271,525,1713,1208,
"car_ims/013529.jpg",165,217,26,258,52,
"car_ims/013531.jpg",165,71,55,262,137,
"car_ims/013533.jpg",165,129,138,700,454,
"car_ims/013537.jpg",165,38,77,607,371,
"car_ims/013538.jpg",165,145,395,1472,1066,
"car_ims/013540.jpg",165,265,102,1739,1102,
"car_ims/013541.jpg",165,187,282,1395,860,
"car_ims/013546.jpg",165,15,81,623,379,
"car_ims/013551.jpg",165,40,67,599,364,
"car_ims/013552.jpg",165,196,142,501,294,
"car_ims/013553.jpg",165,130,231,1140,698,
"car_ims/013554.jpg",165,94,273,924,646,
"car_ims/013556.jpg",165,40,24,603,431,
"car_ims/013558.jpg",165,78,118,1211,717,
"car_ims/013559.jpg",165,68,130,570,316,
"car_ims/013560.jpg",165,117,92,962,659,
"car_ims/013561.jpg",165,27,32,236,113,
"car_ims/013564.jpg",165,71,109,510,297,
"car_ims/013565.jpg",165,80,44,505,306,
"car_ims/013566.jpg",165,25,87,418,271,
"car_ims/013570.jpg",165,39,180,103,207,
"car_ims/013572.jpg",165,17,188,901,540,
"car_ims/013573.jpg",165,120,114,488,344,
"car_ims/013574.jpg",165,18,77,611,409,
"car_ims/013576.jpg",165,132,214,1564,983,
"car_ims/013578.jpg",165,8,48,252,154,
"car_ims/013579.jpg",165,25,22,593,312,
"car_ims/013582.jpg",166,499,171,542,191,
"car_ims/013584.jpg",166,2,138,536,370,
"car_ims/013585.jpg",166,73,14,507,337,
"car_ims/013587.jpg",166,166,93,334,294,
"car_ims/013589.jpg",166,111,343,1071,781,
"car_ims/013590.jpg",166,223,64,457,361,
"car_ims/013591.jpg",166,77,53,738,466,
"car_ims/013593.jpg",166,96,63,556,420,
"car_ims/013595.jpg",166,4,34,555,472,
"car_ims/013596.jpg",166,605,177,640,238,
"car_ims/013597.jpg",166,103,15,398,324,
"car_ims/013598.jpg",166,10,35,606,432,
"car_ims/013599.jpg",166,110,76,537,426,
"car_ims/013600.jpg",166,78,40,571,422,
"car_ims/013601.jpg",166,46,136,973,702,
"car_ims/013602.jpg",166,14,124,193,252,
"car_ims/013603.jpg",166,602,285,692,311,
"car_ims/013604.jpg",166,27,147,58,176,
"car_ims/013609.jpg",166,75,93,556,394,
"car_ims/013610.jpg",166,42,74,1434,920,
"car_ims/013611.jpg",166,0,152,44,180,
"car_ims/013612.jpg",166,104,55,568,444,
"car_ims/013613.jpg",166,93,175,155,212,
"car_ims/013615.jpg",166,1,311,59,353,
"car_ims/013617.jpg",166,0,80,800,517,
"car_ims/013620.jpg",166,908,461,989,540,
"car_ims/013621.jpg",166,49,47,683,416,
"car_ims/013625.jpg",166,15,14,482,303,
"car_ims/013626.jpg",166,172,96,588,413,
"car_ims/013631.jpg",166,27,118,625,365,
"car_ims/013632.jpg",166,1,179,196,379,
"car_ims/013634.jpg",166,36,128,531,318,
"car_ims/013636.jpg",166,57,38,474,308,
"car_ims/013637.jpg",166,49,44,285,315,
"car_ims/013638.jpg",166,96,111,538,387,
"car_ims/013639.jpg",166,53,115,546,368,
"car_ims/013640.jpg",166,404,209,474,256,
"car_ims/013642.jpg",166,14,18,586,443,
"car_ims/013644.jpg",166,0,87,500,301,
"car_ims/013645.jpg",166,219,8,612,321,
"car_ims/013647.jpg",166,506,147,594,227,
"car_ims/013649.jpg",166,329,106,386,171,
"car_ims/013651.jpg",166,276,284,395,553,
"car_ims/013654.jpg",166,44,5,624,452,
"car_ims/013655.jpg",166,17,53,452,292,
"car_ims/013656.jpg",166,64,108,544,323,
"car_ims/013658.jpg",166,3,138,354,552,
"car_ims/013666.jpg",167,7,322,1271,931,
"car_ims/013668.jpg",167,99,279,856,575,
"car_ims/013671.jpg",167,592,497,2969,1895,
"car_ims/013673.jpg",167,248,170,928,565,
"car_ims/013675.jpg",167,14,128,1253,758,
"car_ims/013676.jpg",167,84,211,767,607,
"car_ims/013677.jpg",167,104,234,940,630,
"car_ims/013680.jpg",167,563,175,1447,931,
"car_ims/013681.jpg",167,70,197,937,614,
"car_ims/013683.jpg",167,100,394,1408,1071,
"car_ims/013686.jpg",167,45,126,1004,613,
"car_ims/013687.jpg",167,209,221,1343,857,
"car_ims/013690.jpg",167,55,130,1000,696,
"car_ims/013693.jpg",167,66,256,1003,604,
"car_ims/013694.jpg",167,307,291,983,542,
"car_ims/013697.jpg",167,1160,136,1305,607,
"car_ims/013698.jpg",167,610,334,1432,699,
"car_ims/013701.jpg",167,27,129,939,573,
"car_ims/013702.jpg",167,2,225,97,277,
"car_ims/013706.jpg",167,164,326,1119,902,
"car_ims/013708.jpg",167,64,291,952,625,
"car_ims/013710.jpg",167,204,157,889,506,
"car_ims/013711.jpg",167,206,101,898,634,
"car_ims/013713.jpg",167,167,59,642,452,
"car_ims/013714.jpg",167,146,355,1095,861,
"car_ims/013715.jpg",167,45,99,1013,563,
"car_ims/013716.jpg",167,42,158,953,504,
"car_ims/013717.jpg",167,65,141,946,644,
"car_ims/013720.jpg",167,53,123,1314,862,
"car_ims/013722.jpg",167,24,88,964,582,
"car_ims/013723.jpg",167,115,47,844,548,
"car_ims/013724.jpg",167,1371,55,1600,911,
"car_ims/013726.jpg",167,1038,603,1826,981,
"car_ims/013728.jpg",167,28,435,3873,2317,
"car_ims/013735.jpg",167,217,190,1145,637,
"car_ims/013738.jpg",167,321,202,1466,942,
"car_ims/013739.jpg",167,74,362,1180,808,
"car_ims/013740.jpg",167,24,143,993,675,
"car_ims/013742.jpg",167,206,424,1240,975,
"car_ims/013743.jpg",167,104,95,940,602,
"car_ims/013745.jpg",167,25,180,785,558,
"car_ims/013747.jpg",167,134,429,1541,938,
"car_ims/013751.jpg",167,224,112,1389,821,
"car_ims/013752.jpg",167,220,132,988,651,
"car_ims/013754.jpg",167,67,82,969,589,
"car_ims/013756.jpg",167,714,11,904,703,
"car_ims/013760.jpg",168,145,93,481,363,
"car_ims/013762.jpg",168,67,61,576,411,
"car_ims/013765.jpg",168,48,179,421,336,
"car_ims/013768.jpg",168,249,239,553,405,
"car_ims/013771.jpg",168,590,231,1473,811,
"car_ims/013772.jpg",168,54,120,962,635,
"car_ims/013774.jpg",168,707,157,801,256,
"car_ims/013775.jpg",168,61,185,497,529,
"car_ims/013776.jpg",168,53,86,732,407,
"car_ims/013777.jpg",168,98,119,570,305,
"car_ims/013780.jpg",168,288,268,1447,945,
"car_ims/013782.jpg",168,19,157,602,362,
"car_ims/013783.jpg",168,302,163,722,451,
"car_ims/013784.jpg",168,150,104,1204,738,
"car_ims/013785.jpg",168,137,221,1536,949,
"car_ims/013787.jpg",168,34,70,616,395,
"car_ims/013789.jpg",168,69,58,593,405,
"car_ims/013790.jpg",168,504,28,635,227,
"car_ims/013792.jpg",168,202,26,837,386,
"car_ims/013797.jpg",168,415,94,471,184,
"car_ims/013800.jpg",168,47,122,678,379,
"car_ims/013801.jpg",168,111,293,745,570,
"car_ims/013802.jpg",168,355,230,842,407,
"car_ims/013803.jpg",168,20,50,594,351,
"car_ims/013805.jpg",168,174,111,591,345,
"car_ims/013806.jpg",168,154,32,849,451,
"car_ims/013807.jpg",168,27,38,441,228,
"car_ims/013808.jpg",168,15,260,1188,750,
"car_ims/013809.jpg",168,244,123,446,253,
"car_ims/013810.jpg",168,121,232,513,371,
"car_ims/013811.jpg",168,63,82,573,429,
"car_ims/013813.jpg",168,47,95,651,421,
"car_ims/013814.jpg",168,117,53,793,543,
"car_ims/013815.jpg",168,97,79,707,532,
"car_ims/013818.jpg",168,322,273,641,417,
"car_ims/013819.jpg",168,45,55,573,316,
"car_ims/013824.jpg",168,98,177,595,381,
"car_ims/013825.jpg",168,126,45,552,403,
"car_ims/013826.jpg",168,60,134,957,596,
"car_ims/013827.jpg",168,185,67,763,404,
"car_ims/013830.jpg",168,76,50,575,451,
"car_ims/013831.jpg",168,42,157,495,324,
"car_ims/013832.jpg",168,56,156,757,417,
"car_ims/013833.jpg",168,187,249,730,449,
"car_ims/013834.jpg",168,135,172,874,737,
"car_ims/013835.jpg",168,17,70,601,290,
"car_ims/013836.jpg",168,106,168,594,436,
"car_ims/013838.jpg",168,64,124,672,395,
"car_ims/013839.jpg",168,46,11,595,402,
"car_ims/013840.jpg",168,30,115,602,437,
"car_ims/013842.jpg",168,143,127,456,356,
"car_ims/013844.jpg",169,20,19,581,443,
"car_ims/013849.jpg",169,18,81,589,484,
"car_ims/013852.jpg",169,61,101,548,324,
"car_ims/013853.jpg",169,12,9,585,364,
"car_ims/013855.jpg",169,33,78,528,279,
"car_ims/013856.jpg",169,36,13,633,381,
"car_ims/013858.jpg",169,45,42,602,440,
"car_ims/013859.jpg",169,1,252,107,324,
"car_ims/013860.jpg",169,41,20,624,418,
"car_ims/013864.jpg",169,129,103,483,255,
"car_ims/013866.jpg",169,85,198,913,674,
"car_ims/013867.jpg",169,849,89,997,423,
"car_ims/013868.jpg",169,24,23,614,374,
"car_ims/013871.jpg",169,577,164,639,222,
"car_ims/013874.jpg",169,122,125,506,291,
"car_ims/013876.jpg",169,0,191,79,293,
"car_ims/013877.jpg",169,28,99,599,421,
"car_ims/013880.jpg",169,20,25,630,525,
"car_ims/013881.jpg",169,6,19,630,366,
"car_ims/013883.jpg",169,23,22,630,380,
"car_ims/013884.jpg",169,62,68,966,647,
"car_ims/013885.jpg",169,32,78,609,403,
"car_ims/013886.jpg",169,9,39,583,303,
"car_ims/013888.jpg",169,11,283,59,396,
"car_ims/013889.jpg",169,0,120,26,183,
"car_ims/013893.jpg",169,79,23,663,440,
"car_ims/013895.jpg",169,5,36,679,359,
"car_ims/013898.jpg",169,45,210,679,459,
"car_ims/013901.jpg",169,0,79,604,338,
"car_ims/013903.jpg",169,49,98,528,293,
"car_ims/013906.jpg",169,211,76,783,465,
"car_ims/013908.jpg",169,1,178,105,411,
"car_ims/013913.jpg",169,231,27,628,466,
"car_ims/013916.jpg",169,346,245,1679,1307,
"car_ims/013917.jpg",169,14,17,238,164,
"car_ims/013918.jpg",169,29,102,582,440,
"car_ims/013919.jpg",169,70,49,590,335,
"car_ims/013920.jpg",170,139,145,1511,958,
"car_ims/013922.jpg",170,327,352,1033,774,
"car_ims/013923.jpg",170,74,266,1947,1083,
"car_ims/013924.jpg",170,41,112,1014,667,
"car_ims/013928.jpg",170,56,230,988,626,
"car_ims/013931.jpg",170,143,334,1169,772,
"car_ims/013932.jpg",170,282,326,1352,911,
"car_ims/013934.jpg",170,563,331,1537,1199,
"car_ims/013935.jpg",170,164,231,1465,1263,
"car_ims/013938.jpg",170,26,48,998,487,
"car_ims/013939.jpg",170,535,189,1773,981,
"car_ims/013941.jpg",170,307,566,1580,1082,
"car_ims/013942.jpg",170,511,526,1446,956,
"car_ims/013945.jpg",170,122,487,1284,1005,
"car_ims/013946.jpg",170,30,106,985,673,
"car_ims/013947.jpg",170,25,555,629,884,
"car_ims/013948.jpg",170,121,298,1134,765,
"car_ims/013951.jpg",170,140,115,1892,1348,
"car_ims/013954.jpg",170,338,503,1416,1008,
"car_ims/013957.jpg",170,192,262,2462,1240,
"car_ims/013958.jpg",170,112,191,954,746,
"car_ims/013960.jpg",170,117,215,963,1441,
"car_ims/013962.jpg",170,491,190,1370,727,
"car_ims/013963.jpg",170,59,167,2536,1625,
"car_ims/013967.jpg",170,37,368,1242,913,
"car_ims/013968.jpg",170,451,411,1072,747,
"car_ims/013969.jpg",170,144,180,1458,966,
"car_ims/013971.jpg",170,469,356,1408,1116,
"car_ims/013973.jpg",170,332,234,1126,642,
"car_ims/013976.jpg",170,612,238,911,442,
"car_ims/013977.jpg",170,52,206,488,575,
"car_ims/013978.jpg",170,274,123,1638,932,
"car_ims/013979.jpg",170,175,638,1949,1418,
"car_ims/013980.jpg",170,21,17,980,599,
"car_ims/013984.jpg",170,261,188,974,718,
"car_ims/013991.jpg",170,129,449,1190,887,
"car_ims/013992.jpg",170,683,465,1220,810,
"car_ims/013993.jpg",170,309,267,1027,755,
"car_ims/013995.jpg",170,158,124,1402,1131,
"car_ims/013996.jpg",170,160,143,1032,668,
"car_ims/013997.jpg",170,1165,213,2033,830,
"car_ims/013999.jpg",170,211,455,1349,924,
"car_ims/014001.jpg",170,935,899,3390,2133,
"car_ims/014003.jpg",170,160,144,1148,700,
"car_ims/014004.jpg",170,619,423,1255,731,
"car_ims/014007.jpg",170,71,171,952,702,
"car_ims/014008.jpg",171,41,240,513,444,
"car_ims/014010.jpg",171,12,125,632,383,
"car_ims/014015.jpg",171,19,171,995,595,
"car_ims/014016.jpg",171,0,168,35,221,
"car_ims/014018.jpg",171,44,173,708,372,
"car_ims/014021.jpg",171,9,37,248,109,
"car_ims/014023.jpg",171,7,36,767,685,
"car_ims/014024.jpg",171,58,114,581,312,
"car_ims/014025.jpg",171,67,328,1009,601,
"car_ims/014028.jpg",171,12,12,619,410,
"car_ims/014029.jpg",171,129,301,1220,819,
"car_ims/014031.jpg",171,32,44,438,231,
"car_ims/014033.jpg",171,81,65,553,323,
"car_ims/014035.jpg",171,11,27,198,102,
"car_ims/014036.jpg",171,17,51,276,155,
"car_ims/014037.jpg",171,56,135,556,342,
"car_ims/014038.jpg",171,14,90,340,242,
"car_ims/014039.jpg",171,16,47,581,415,
"car_ims/014040.jpg",171,6,4,242,172,
"car_ims/014042.jpg",171,11,100,500,277,
"car_ims/014043.jpg",171,49,185,585,431,
"car_ims/014044.jpg",171,112,306,1445,953,
"car_ims/014046.jpg",171,21,26,244,165,
"car_ims/014047.jpg",171,87,201,724,408,
"car_ims/014049.jpg",171,287,204,860,476,
"car_ims/014051.jpg",171,69,173,994,484,
"car_ims/014055.jpg",171,22,76,280,179,
"car_ims/014056.jpg",171,12,22,498,321,
"car_ims/014057.jpg",171,174,255,846,562,
"car_ims/014058.jpg",171,24,48,513,299,
"car_ims/014063.jpg",171,22,52,437,300,
"car_ims/014065.jpg",171,55,171,573,421,
"car_ims/014066.jpg",171,17,41,782,511,
"car_ims/014068.jpg",171,20,182,478,312,
"car_ims/014071.jpg",171,13,30,307,116,
"car_ims/014072.jpg",171,90,95,479,334,
"car_ims/014073.jpg",171,69,221,992,528,
"car_ims/014074.jpg",171,40,15,217,146,
"car_ims/014075.jpg",171,5,41,230,137,
"car_ims/014080.jpg",171,78,147,966,482,
"car_ims/014081.jpg",171,4,60,1023,670,
"car_ims/014082.jpg",171,24,54,289,147,
"car_ims/014083.jpg",171,7,102,745,530,
"car_ims/014084.jpg",171,39,103,603,367,
"car_ims/014087.jpg",171,19,47,604,258,
"car_ims/014088.jpg",171,86,41,494,380,
"car_ims/014089.jpg",171,39,96,560,383,
"car_ims/014093.jpg",171,106,309,1574,947,
"car_ims/014094.jpg",171,65,50,748,446,
"car_ims/014096.jpg",171,4,60,524,353,
"car_ims/014101.jpg",172,132,44,528,388,
"car_ims/014102.jpg",172,115,96,583,414,
"car_ims/014103.jpg",172,39,72,768,378,
"car_ims/014104.jpg",172,14,96,624,378,
"car_ims/014105.jpg",172,43,121,590,363,
"car_ims/014106.jpg",172,16,45,588,393,
"car_ims/014107.jpg",172,154,110,829,491,
"car_ims/014109.jpg",172,58,126,895,692,
"car_ims/014111.jpg",172,53,43,588,430,
"car_ims/014112.jpg",172,39,175,664,501,
"car_ims/014113.jpg",172,253,320,803,625,
"car_ims/014114.jpg",172,39,107,533,405,
"car_ims/014117.jpg",172,58,80,228,153,
"car_ims/014119.jpg",172,20,85,562,313,
"car_ims/014121.jpg",172,61,583,2763,1604,
"car_ims/014123.jpg",172,14,87,615,407,
"car_ims/014124.jpg",172,11,109,609,367,
"car_ims/014126.jpg",172,105,16,533,408,
"car_ims/014127.jpg",172,36,108,591,404,
"car_ims/014128.jpg",172,119,116,525,403,
"car_ims/014129.jpg",172,58,239,904,663,
"car_ims/014130.jpg",172,158,115,678,484,
"car_ims/014136.jpg",172,31,546,1257,971,
"car_ims/014138.jpg",172,57,36,662,414,
"car_ims/014139.jpg",172,54,151,1010,635,
"car_ims/014140.jpg",172,25,0,631,475,
"car_ims/014142.jpg",172,24,172,712,589,
"car_ims/014143.jpg",172,28,75,259,230,
"car_ims/014145.jpg",172,158,154,979,586,
"car_ims/014149.jpg",172,41,36,571,409,
"car_ims/014150.jpg",172,77,22,221,123,
"car_ims/014151.jpg",172,366,292,1578,1099,
"car_ims/014152.jpg",172,58,102,577,405,
"car_ims/014153.jpg",172,1,63,127,148,
"car_ims/014155.jpg",172,56,86,609,412,
"car_ims/014157.jpg",172,26,165,611,402,
"car_ims/014158.jpg",172,258,115,1439,1006,
"car_ims/014159.jpg",172,114,106,516,319,
"car_ims/014160.jpg",172,48,161,555,362,
"car_ims/014161.jpg",172,27,44,639,422,
"car_ims/014162.jpg",172,32,239,1259,851,
"car_ims/014165.jpg",172,129,78,602,378,
"car_ims/014167.jpg",172,35,114,490,311,
"car_ims/014168.jpg",172,17,29,635,420,
"car_ims/014169.jpg",172,224,276,1364,874,
"car_ims/014171.jpg",172,86,138,579,361,
"car_ims/014172.jpg",172,37,100,754,471,
"car_ims/014173.jpg",172,23,46,594,461,
"car_ims/014174.jpg",172,46,62,173,114,
"car_ims/014177.jpg",172,32,134,1077,778,
"car_ims/014180.jpg",172,31,98,737,414,
"car_ims/014182.jpg",172,66,119,518,344,
"car_ims/014184.jpg",172,74,169,755,422,
"car_ims/014185.jpg",172,41,268,891,737,
"car_ims/014186.jpg",172,48,28,631,400,
"car_ims/014189.jpg",173,30,104,613,368,
"car_ims/014190.jpg",173,73,164,685,498,
"car_ims/014191.jpg",173,160,97,1116,684,
"car_ims/014193.jpg",173,31,39,727,227,
"car_ims/014196.jpg",173,49,130,578,293,
"car_ims/014201.jpg",173,18,74,627,398,
"car_ims/014203.jpg",173,46,157,549,317,
"car_ims/014204.jpg",173,151,367,1934,978,
"car_ims/014207.jpg",173,68,350,1259,1048,
"car_ims/014209.jpg",173,132,124,483,308,
"car_ims/014214.jpg",173,15,115,580,360,
"car_ims/014217.jpg",173,147,40,1054,620,
"car_ims/014220.jpg",173,373,384,1198,822,
"car_ims/014221.jpg",173,305,6,587,105,
"car_ims/014224.jpg",173,39,179,600,365,
"car_ims/014226.jpg",173,42,170,577,336,
"car_ims/014229.jpg",173,282,175,865,525,
"car_ims/014230.jpg",173,77,377,1215,829,
"car_ims/014231.jpg",173,78,279,1115,725,
"car_ims/014232.jpg",173,28,47,474,282,
"car_ims/014234.jpg",173,96,515,1797,986,
"car_ims/014236.jpg",173,157,244,971,600,
"car_ims/014237.jpg",173,157,129,865,619,
"car_ims/014239.jpg",173,52,195,990,603,
"car_ims/014241.jpg",173,73,104,1197,591,
"car_ims/014243.jpg",173,569,441,1100,797,
"car_ims/014244.jpg",173,115,80,553,380,
"car_ims/014245.jpg",173,223,231,1669,1127,
"car_ims/014248.jpg",173,37,94,632,326,
"car_ims/014249.jpg",173,91,112,487,286,
"car_ims/014251.jpg",173,401,293,1518,913,
"car_ims/014254.jpg",173,29,83,450,307,
"car_ims/014256.jpg",173,59,143,559,348,
"car_ims/014262.jpg",173,138,430,902,758,
"car_ims/014266.jpg",173,3,167,719,560,
"car_ims/014269.jpg",173,27,207,567,441,
"car_ims/014273.jpg",173,249,373,1199,751,
"car_ims/014274.jpg",173,36,249,956,526,
"car_ims/014275.jpg",174,80,10,119,33,
"car_ims/014276.jpg",174,11,23,140,77,
"car_ims/014277.jpg",174,1,26,119,104,
"car_ims/014282.jpg",174,127,242,1505,927,
"car_ims/014283.jpg",174,1,25,53,70,
"car_ims/014284.jpg",174,6,2,251,157,
"car_ims/014285.jpg",174,13,29,134,97,
"car_ims/014291.jpg",174,224,59,244,71,
"car_ims/014292.jpg",174,9,10,114,75,
"car_ims/014293.jpg",174,4,9,107,66,
"car_ims/014294.jpg",174,460,84,639,190,
"car_ims/014295.jpg",174,76,105,450,283,
"car_ims/014297.jpg",174,11,8,115,88,
"car_ims/014298.jpg",174,7,126,323,306,
"car_ims/014301.jpg",174,4,6,394,202,
"car_ims/014306.jpg",174,23,87,521,269,
"car_ims/014307.jpg",174,23,56,199,133,
"car_ims/014311.jpg",174,3,15,119,95,
"car_ims/014312.jpg",174,598,80,841,210,
"car_ims/014313.jpg",174,63,183,614,395,
"car_ims/014318.jpg",174,5,22,110,62,
"car_ims/014324.jpg",174,186,92,240,219,
"car_ims/014328.jpg",174,11,25,139,81,
"car_ims/014330.jpg",174,36,29,279,157,
"car_ims/014331.jpg",174,7,2,139,79,
"car_ims/014332.jpg",174,5,23,246,156,
"car_ims/014335.jpg",174,6,40,42,66,
"car_ims/014336.jpg",174,11,18,213,105,
"car_ims/014338.jpg",174,29,60,232,151,
"car_ims/014339.jpg",174,531,28,760,196,
"car_ims/014340.jpg",174,164,407,1956,1059,
"car_ims/014345.jpg",174,19,51,240,142,
"car_ims/014346.jpg",174,182,28,258,70,
"car_ims/014347.jpg",174,168,341,1965,1078,
"car_ims/014348.jpg",174,3,10,155,111,
"car_ims/014349.jpg",174,182,29,259,74,
"car_ims/014353.jpg",174,38,58,247,132,
"car_ims/014354.jpg",174,29,62,427,256,
"car_ims/014356.jpg",174,10,101,621,380,
"car_ims/014359.jpg",175,48,39,613,453,
"car_ims/014360.jpg",175,50,178,387,316,
"car_ims/014362.jpg",175,36,42,228,189,
"car_ims/014364.jpg",175,21,50,282,161,
"car_ims/014365.jpg",175,62,10,291,155,
"car_ims/014366.jpg",175,306,85,317,116,
"car_ims/014367.jpg",175,32,53,224,153,
"car_ims/014368.jpg",175,148,96,253,151,
"car_ims/014369.jpg",175,10,78,247,156,
"car_ims/014370.jpg",175,21,134,628,304,
"car_ims/014373.jpg",175,72,153,366,316,
"car_ims/014375.jpg",175,29,51,429,322,
"car_ims/014376.jpg",175,163,86,571,356,
"car_ims/014377.jpg",175,71,200,1152,636,
"car_ims/014378.jpg",175,64,76,252,155,
"car_ims/014380.jpg",175,29,105,407,312,
"car_ims/014381.jpg",175,269,14,299,40,
"car_ims/014383.jpg",175,8,103,296,185,
"car_ims/014385.jpg",175,86,72,422,252,
"car_ims/014386.jpg",175,182,8,232,86,
"car_ims/014387.jpg",175,194,190,1441,761,
"car_ims/014390.jpg",175,22,12,274,150,
"car_ims/014392.jpg",175,430,148,1228,740,
"car_ims/014393.jpg",175,50,226,558,375,
"car_ims/014395.jpg",175,115,102,168,221,
"car_ims/014396.jpg",175,103,345,671,567,
"car_ims/014398.jpg",175,319,92,500,182,
"car_ims/014399.jpg",175,90,27,505,494,
"car_ims/014400.jpg",175,20,111,452,259,
"car_ims/014401.jpg",175,776,182,1511,504,
"car_ims/014403.jpg",175,112,221,572,453,
"car_ims/014407.jpg",175,111,30,232,78,
"car_ims/014409.jpg",175,38,99,622,369,
"car_ims/014410.jpg",175,104,216,736,411,
"car_ims/014412.jpg",175,13,28,281,147,
"car_ims/014413.jpg",175,4,43,291,167,
"car_ims/014415.jpg",175,44,89,274,183,
"car_ims/014416.jpg",175,45,184,794,396,
"car_ims/014417.jpg",175,35,100,205,146,
"car_ims/014418.jpg",176,92,17,461,255,
"car_ims/014419.jpg",176,247,384,1482,1084,
"car_ims/014420.jpg",176,2,79,169,200,
"car_ims/014421.jpg",176,12,39,592,372,
"car_ims/014422.jpg",176,155,272,722,608,
"car_ims/014427.jpg",176,1434,177,1799,1249,
"car_ims/014428.jpg",176,88,206,562,446,
"car_ims/014429.jpg",176,35,110,400,325,
"car_ims/014430.jpg",176,115,56,669,392,
"car_ims/014431.jpg",176,19,23,592,369,
"car_ims/014432.jpg",176,29,110,624,312,
"car_ims/014434.jpg",176,45,97,987,609,
"car_ims/014437.jpg",176,195,111,664,464,
"car_ims/014440.jpg",176,318,272,777,477,
"car_ims/014441.jpg",176,37,66,545,372,
"car_ims/014442.jpg",176,76,279,1143,736,
"car_ims/014444.jpg",176,78,88,415,276,
"car_ims/014445.jpg",176,16,21,607,428,
"car_ims/014449.jpg",176,129,159,499,353,
"car_ims/014451.jpg",176,766,234,3620,1918,
"car_ims/014452.jpg",176,58,35,563,360,
"car_ims/014453.jpg",176,15,42,602,355,
"car_ims/014456.jpg",176,30,55,538,262,
"car_ims/014460.jpg",176,422,46,477,72,
"car_ims/014461.jpg",176,99,119,510,336,
"car_ims/014463.jpg",176,53,119,556,343,
"car_ims/014464.jpg",176,532,117,584,189,
"car_ims/014469.jpg",176,52,203,907,600,
"car_ims/014470.jpg",176,45,13,1347,548,
"car_ims/014472.jpg",176,35,33,534,257,
"car_ims/014473.jpg",176,521,359,1146,659,
"car_ims/014474.jpg",176,42,12,720,289,
"car_ims/014475.jpg",176,86,118,617,425,
"car_ims/014478.jpg",176,35,36,565,326,
"car_ims/014479.jpg",176,126,48,656,409,
"car_ims/014480.jpg",176,172,264,1084,722,
"car_ims/014481.jpg",176,212,142,383,260,
"car_ims/014482.jpg",176,57,162,714,427,
"car_ims/014483.jpg",176,59,14,499,346,
"car_ims/014484.jpg",176,104,185,545,409,
"car_ims/014485.jpg",176,28,78,578,356,
"car_ims/014486.jpg",176,81,158,567,345,
"car_ims/014487.jpg",176,58,55,564,339,
"car_ims/014488.jpg",176,94,86,496,304,
"car_ims/014489.jpg",176,38,142,551,362,
"car_ims/014491.jpg",176,3,40,526,385,
"car_ims/014495.jpg",177,176,15,225,80,
"car_ims/014499.jpg",177,14,73,261,144,
"car_ims/014500.jpg",177,138,117,518,352,
"car_ims/014504.jpg",177,129,117,539,256,
"car_ims/014506.jpg",177,28,130,426,304,
"car_ims/014507.jpg",177,23,61,417,228,
"car_ims/014508.jpg",177,50,72,359,235,
"car_ims/014509.jpg",177,42,26,229,181,
"car_ims/014510.jpg",177,74,176,503,383,
"car_ims/014512.jpg",177,4,15,294,170,
"car_ims/014513.jpg",177,1,6,200,120,
"car_ims/014517.jpg",177,41,158,590,366,
"car_ims/014518.jpg",177,171,47,185,64,
"car_ims/014524.jpg",177,20,35,219,163,
"car_ims/014525.jpg",177,81,64,418,257,
"car_ims/014526.jpg",177,41,156,555,334,
"car_ims/014528.jpg",177,66,64,601,332,
"car_ims/014529.jpg",177,18,49,282,160,
"car_ims/014531.jpg",177,210,92,755,437,
"car_ims/014536.jpg",177,160,157,463,296,
"car_ims/014537.jpg",177,103,160,808,461,
"car_ims/014538.jpg",177,256,31,265,55,
"car_ims/014539.jpg",177,237,26,271,103,
"car_ims/014542.jpg",177,44,41,275,142,
"car_ims/014543.jpg",177,45,64,457,239,
"car_ims/014547.jpg",177,255,321,759,538,
"car_ims/014548.jpg",177,22,52,251,161,
"car_ims/014550.jpg",177,8,26,290,112,
"car_ims/014551.jpg",177,294,364,802,692,
"car_ims/014554.jpg",177,15,183,622,430,
"car_ims/014558.jpg",177,50,40,234,132,
"car_ims/014559.jpg",177,62,367,1231,700,
"car_ims/014560.jpg",177,4,38,295,158,
"car_ims/014561.jpg",177,27,82,385,231,
"car_ims/014562.jpg",177,20,62,285,207,
"car_ims/014565.jpg",177,100,86,607,374,
"car_ims/014567.jpg",177,1,200,133,281,
"car_ims/014568.jpg",177,276,254,1047,651,
"car_ims/014570.jpg",177,322,312,883,670,
"car_ims/014571.jpg",177,47,68,586,408,
"car_ims/014572.jpg",177,111,173,169,351,
"car_ims/014577.jpg",177,78,88,415,276,
"car_ims/014578.jpg",177,210,63,572,340,
"car_ims/014580.jpg",177,13,38,257,171,
"car_ims/014581.jpg",177,42,87,233,173,
"car_ims/014584.jpg",178,117,136,1460,1088,
"car_ims/014587.jpg",178,643,546,1387,964,
"car_ims/014590.jpg",178,59,157,937,614,
"car_ims/014591.jpg",178,337,186,621,297,
"car_ims/014592.jpg",178,45,55,867,424,
"car_ims/014593.jpg",178,8,129,615,396,
"car_ims/014598.jpg",178,28,58,372,271,
"car_ims/014599.jpg",178,30,27,591,407,
"car_ims/014601.jpg",178,0,16,530,480,
"car_ims/014602.jpg",178,57,26,125,63,
"car_ims/014603.jpg",178,26,48,373,254,
"car_ims/014605.jpg",178,1,50,70,144,
"car_ims/014607.jpg",178,26,23,559,306,
"car_ims/014613.jpg",178,41,104,590,404,
"car_ims/014614.jpg",178,103,111,523,325,
"car_ims/014617.jpg",178,15,120,87,154,
"car_ims/014619.jpg",178,216,77,641,348,
"car_ims/014620.jpg",178,47,76,583,399,
"car_ims/014621.jpg",178,103,266,505,472,
"car_ims/014623.jpg",178,149,210,2722,1670,
"car_ims/014624.jpg",178,69,108,427,288,
"car_ims/014625.jpg",178,22,22,604,420,
"car_ims/014626.jpg",178,47,20,606,434,
"car_ims/014627.jpg",178,118,69,485,348,
"car_ims/014630.jpg",178,97,72,918,625,
"car_ims/014631.jpg",178,33,14,381,260,
"car_ims/014633.jpg",178,88,49,375,240,
"car_ims/014635.jpg",178,117,63,600,481,
"car_ims/014637.jpg",178,40,24,586,446,
"car_ims/014638.jpg",178,81,38,559,471,
"car_ims/014639.jpg",178,73,12,595,475,
"car_ims/014644.jpg",178,52,50,601,382,
"car_ims/014647.jpg",178,50,87,726,375,
"car_ims/014649.jpg",178,44,61,618,400,
"car_ims/014650.jpg",178,344,214,1026,555,
"car_ims/014651.jpg",178,55,99,435,259,
"car_ims/014654.jpg",178,44,78,372,282,
"car_ims/014656.jpg",178,32,99,374,248,
"car_ims/014657.jpg",178,62,85,958,625,
"car_ims/014658.jpg",178,42,44,601,428,
"car_ims/014660.jpg",178,61,56,586,368,
"car_ims/014661.jpg",178,29,80,405,237,
"car_ims/014662.jpg",178,43,86,650,492,
"car_ims/014663.jpg",178,187,24,878,556,
"car_ims/014666.jpg",179,11,28,405,258,
"car_ims/014667.jpg",179,41,122,586,409,
"car_ims/014669.jpg",179,63,9,422,307,
"car_ims/014671.jpg",179,25,58,424,311,
"car_ims/014672.jpg",179,53,118,424,287,
"car_ims/014673.jpg",179,98,15,551,330,
"car_ims/014674.jpg",179,17,101,414,282,
"car_ims/014676.jpg",179,43,121,566,350,
"car_ims/014679.jpg",179,35,108,669,429,
"car_ims/014680.jpg",179,41,92,469,229,
"car_ims/014682.jpg",179,40,89,569,304,
"car_ims/014687.jpg",179,7,90,629,353,
"car_ims/014688.jpg",179,149,139,434,282,
"car_ims/014689.jpg",179,51,58,452,375,
"car_ims/014690.jpg",179,33,141,606,333,0
"car_ims/014691.jpg",179,27,52,699,502,
"car_ims/014692.jpg",179,89,300,1223,652,
"car_ims/014693.jpg",179,12,25,631,419,
"car_ims/014694.jpg",179,52,132,769,390,
"car_ims/014696.jpg",179,24,74,468,270,
"car_ims/014697.jpg",179,51,140,578,391,
"car_ims/014698.jpg",179,12,70,455,215,
"car_ims/014700.jpg",179,85,274,1199,854,
"car_ims/014701.jpg",179,49,122,748,517,
"car_ims/014702.jpg",179,73,188,536,342,
"car_ims/014703.jpg",179,63,147,699,424,
"car_ims/014705.jpg",179,31,38,524,360,
"car_ims/014706.jpg",179,34,8,421,233,
"car_ims/014708.jpg",179,22,28,424,246,
"car_ims/014709.jpg",179,83,395,1440,1098,
"car_ims/014713.jpg",179,112,155,567,388,
"car_ims/014714.jpg",179,0,67,640,374,
"car_ims/014715.jpg",179,62,105,582,322,
"car_ims/014716.jpg",179,146,202,1820,738,
"car_ims/014718.jpg",179,40,135,404,251,
"car_ims/014719.jpg",179,21,93,488,249,
"car_ims/014720.jpg",179,13,66,448,206,
"car_ims/014723.jpg",179,227,21,256,52,
"car_ims/014724.jpg",179,1,44,108,93,
"car_ims/014725.jpg",179,86,29,396,249,
"car_ims/014726.jpg",179,61,53,728,537,
"car_ims/014728.jpg",179,26,35,421,283,
"car_ims/014731.jpg",179,166,225,1218,690,
"car_ims/014732.jpg",179,30,47,370,183,
"car_ims/014734.jpg",179,29,43,421,270,
"car_ims/014735.jpg",179,591,850,3080,2335,
"car_ims/014736.jpg",179,91,191,560,453,
"car_ims/014737.jpg",179,525,141,631,204,
"car_ims/014738.jpg",179,83,28,974,739,
"car_ims/014740.jpg",179,52,130,518,301,
"car_ims/014741.jpg",179,57,75,535,331,
"car_ims/014742.jpg",179,20,24,528,379,
"car_ims/014743.jpg",179,46,47,744,494,
"car_ims/014744.jpg",179,95,63,395,365,
"car_ims/014746.jpg",179,193,322,825,565,
"car_ims/014747.jpg",179,31,116,446,289,
"car_ims/014752.jpg",179,50,333,993,653,
"car_ims/014753.jpg",179,52,154,636,348,
"car_ims/014758.jpg",180,44,56,440,312,
"car_ims/014761.jpg",180,25,33,628,414,0
"car_ims/014762.jpg",180,33,158,595,362,
"car_ims/014763.jpg",180,18,88,581,365,
"car_ims/014764.jpg",180,145,74,364,234,
"car_ims/014768.jpg",180,120,65,1020,651,
"car_ims/014769.jpg",180,178,148,489,332,
"car_ims/014773.jpg",180,132,15,251,319,
"car_ims/014775.jpg",180,103,47,488,248,
"car_ims/014777.jpg",180,134,180,1127,704,
"car_ims/014778.jpg",180,30,154,1532,1067,
"car_ims/014779.jpg",180,1,77,48,171,
"car_ims/014780.jpg",180,65,108,555,374,
"car_ims/014781.jpg",180,104,239,598,397,
"car_ims/014783.jpg",180,48,165,616,401,
"car_ims/014788.jpg",180,33,73,585,299,
"car_ims/014789.jpg",180,61,116,510,292,
"car_ims/014790.jpg",180,133,192,1393,747,
"car_ims/014792.jpg",180,84,52,576,365,
"car_ims/014794.jpg",180,158,39,1171,775,
"car_ims/014798.jpg",180,120,93,378,209,
"car_ims/014804.jpg",180,0,37,318,160,
"car_ims/014807.jpg",180,129,223,869,561,
"car_ims/014810.jpg",180,49,97,460,300,
"car_ims/014814.jpg",180,5,7,391,161,
"car_ims/014820.jpg",180,59,175,1228,742,
"car_ims/014822.jpg",180,89,309,943,564,
"car_ims/014823.jpg",180,281,262,1736,1157,
"car_ims/014827.jpg",180,40,89,569,304,
"car_ims/014828.jpg",180,72,114,404,300,
"car_ims/014829.jpg",180,77,146,937,533,
"car_ims/014830.jpg",180,84,28,761,435,
"car_ims/014831.jpg",180,73,210,1234,648,
"car_ims/014832.jpg",180,105,118,477,287,
"car_ims/014834.jpg",180,71,252,1529,938,
"car_ims/014838.jpg",180,78,73,542,428,
"car_ims/014839.jpg",180,68,10,420,218,
"car_ims/014840.jpg",180,118,131,697,436,
"car_ims/014843.jpg",181,78,18,565,444,
"car_ims/014844.jpg",181,7,12,295,198,
"car_ims/014847.jpg",181,35,61,491,369,
"car_ims/014848.jpg",181,94,91,305,281,
"car_ims/014849.jpg",181,3,129,511,328,
"car_ims/014851.jpg",181,65,74,1176,587,
"car_ims/014854.jpg",181,149,159,525,427,
"car_ims/014855.jpg",181,34,50,257,152,
"car_ims/014856.jpg",181,26,22,380,179,
"car_ims/014857.jpg",181,34,78,581,387,
"car_ims/014860.jpg",181,4,7,297,129,
"car_ims/014861.jpg",181,20,29,380,177,
"car_ims/014863.jpg",181,111,328,1517,1074,
"car_ims/014867.jpg",181,53,152,600,364,
"car_ims/014868.jpg",181,9,47,278,151,
"car_ims/014869.jpg",181,19,55,285,178,
"car_ims/014870.jpg",181,18,235,1007,584,
"car_ims/014873.jpg",181,23,32,1007,730,
"car_ims/014874.jpg",181,47,99,595,395,
"car_ims/014875.jpg",181,40,21,411,204,
"car_ims/014877.jpg",181,34,199,767,516,
"car_ims/014882.jpg",181,12,22,305,140,
"car_ims/014887.jpg",181,31,75,601,392,
"car_ims/014889.jpg",181,17,127,630,359,
"car_ims/014890.jpg",181,23,78,377,307,
"car_ims/014891.jpg",181,21,94,281,216,
"car_ims/014892.jpg",181,39,115,519,374,
"car_ims/014896.jpg",181,5,17,252,159,
"car_ims/014897.jpg",181,114,91,622,413,
"car_ims/014898.jpg",181,108,98,395,270,
"car_ims/014900.jpg",181,31,52,244,145,
"car_ims/014907.jpg",181,19,3,633,431,
"car_ims/014908.jpg",181,58,154,440,337,
"car_ims/014910.jpg",181,192,159,898,565,
"car_ims/014913.jpg",181,21,38,277,206,
"car_ims/014914.jpg",181,125,238,2510,1392,
"car_ims/014916.jpg",181,49,62,261,162,
"car_ims/014917.jpg",182,63,149,771,403,
"car_ims/014918.jpg",182,85,21,808,566,
"car_ims/014919.jpg",182,59,69,871,492,
"car_ims/014922.jpg",182,117,155,1439,918,
"car_ims/014924.jpg",182,60,78,551,305,
"car_ims/014928.jpg",182,103,91,1337,815,
"car_ims/014929.jpg",182,190,132,768,363,
"car_ims/014930.jpg",182,90,118,559,321,
"car_ims/014931.jpg",182,80,417,1636,984,
"car_ims/014934.jpg",182,47,130,613,418,
"car_ims/014936.jpg",182,155,263,629,419,
"car_ims/014937.jpg",182,75,135,721,417,
"car_ims/014938.jpg",182,489,35,638,252,
"car_ims/014942.jpg",182,8,145,763,510,
"car_ims/014944.jpg",182,144,45,555,343,
"car_ims/014945.jpg",182,31,32,602,376,
"car_ims/014947.jpg",182,55,193,732,470,
"car_ims/014952.jpg",182,265,310,1489,733,
"car_ims/014954.jpg",182,62,131,729,463,
"car_ims/014955.jpg",182,15,104,595,416,
"car_ims/014956.jpg",182,58,43,1004,645,
"car_ims/014960.jpg",182,117,277,1540,898,
"car_ims/014961.jpg",182,19,95,678,396,
"car_ims/014962.jpg",182,77,248,730,460,
"car_ims/014964.jpg",182,209,88,1073,713,
"car_ims/014965.jpg",182,90,81,533,377,
"car_ims/014966.jpg",182,3,34,110,237,
"car_ims/014967.jpg",182,120,149,665,546,
"car_ims/014971.jpg",182,242,216,701,426,
"car_ims/014972.jpg",182,0,58,2613,1689,
"car_ims/014973.jpg",182,30,18,879,501,
"car_ims/014974.jpg",182,129,219,497,469,
"car_ims/014975.jpg",182,84,207,728,544,
"car_ims/014976.jpg",182,75,31,522,422,
"car_ims/014978.jpg",182,291,195,715,446,
"car_ims/014980.jpg",182,126,72,748,534,
"car_ims/014987.jpg",182,117,166,1155,655,
"car_ims/014989.jpg",182,140,87,673,447,
"car_ims/014991.jpg",182,29,83,611,385,
"car_ims/014993.jpg",182,46,90,582,376,
"car_ims/014994.jpg",182,108,403,1499,889,
"car_ims/014995.jpg",182,92,272,1053,709,
"car_ims/014998.jpg",182,469,223,1764,1104,
"car_ims/015003.jpg",182,175,124,1133,644,
"car_ims/015004.jpg",182,42,77,598,392,
"car_ims/015005.jpg",182,63,104,637,354,
"car_ims/015008.jpg",182,112,99,646,368,
"car_ims/015010.jpg",183,356,342,2253,1410,
"car_ims/015011.jpg",183,17,33,601,406,
"car_ims/015012.jpg",183,48,129,998,622,
"car_ims/015013.jpg",183,100,454,393,584,
"car_ims/015015.jpg",183,91,248,897,600,
"car_ims/015016.jpg",183,29,154,711,449,
"car_ims/015017.jpg",183,26,40,1572,1163,
"car_ims/015019.jpg",183,177,361,994,939,
"car_ims/015021.jpg",183,52,21,1224,781,
"car_ims/015023.jpg",183,126,412,1464,1071,
"car_ims/015024.jpg",183,529,283,1210,931,
"car_ims/015026.jpg",183,62,56,523,377,
"car_ims/015029.jpg",183,4,100,1005,653,
"car_ims/015031.jpg",183,400,124,755,409,
"car_ims/015032.jpg",183,402,440,1294,922,
"car_ims/015036.jpg",183,79,79,703,438,
"car_ims/015037.jpg",183,190,559,3699,2424,
"car_ims/015039.jpg",183,106,105,1471,1078,
"car_ims/015043.jpg",183,100,116,1864,1191,
"car_ims/015044.jpg",183,90,179,973,701,
"car_ims/015045.jpg",183,23,8,638,339,
"car_ims/015046.jpg",183,55,270,538,520,
"car_ims/015048.jpg",183,274,300,764,694,
"car_ims/015049.jpg",183,39,85,783,386,
"car_ims/015051.jpg",183,1119,90,1272,168,
"car_ims/015054.jpg",183,61,100,743,473,
"car_ims/015055.jpg",183,53,44,618,321,
"car_ims/015056.jpg",183,239,330,2426,1445,
"car_ims/015059.jpg",183,73,85,748,513,
"car_ims/015060.jpg",183,32,79,625,405,
"car_ims/015062.jpg",183,69,125,705,410,
"car_ims/015064.jpg",183,54,201,938,594,
"car_ims/015067.jpg",183,99,62,871,515,
"car_ims/015068.jpg",183,72,79,759,528,
"car_ims/015069.jpg",183,74,53,758,546,
"car_ims/015070.jpg",183,63,139,964,588,
"car_ims/015071.jpg",183,87,53,602,367,
"car_ims/015072.jpg",183,57,28,680,439,
"car_ims/015073.jpg",183,226,191,1377,883,
"car_ims/015074.jpg",183,73,121,529,389,
"car_ims/015075.jpg",183,65,173,987,541,
"car_ims/015078.jpg",183,13,408,1566,1188,
"car_ims/015079.jpg",183,90,116,686,447,
"car_ims/015080.jpg",183,79,73,667,408,
"car_ims/015081.jpg",183,53,82,688,439,
"car_ims/015082.jpg",183,41,175,1324,1009,
"car_ims/015085.jpg",183,50,148,951,551,
"car_ims/015086.jpg",183,138,386,1535,1156,
"car_ims/015088.jpg",183,78,147,754,425,
"car_ims/015090.jpg",183,13,176,924,711,
"car_ims/015091.jpg",183,468,96,554,391,
"car_ims/015092.jpg",183,102,128,649,421,
"car_ims/015095.jpg",184,34,58,601,289,
"car_ims/015097.jpg",184,20,72,792,485,
"car_ims/015098.jpg",184,89,112,638,496,
"car_ims/015099.jpg",184,24,55,578,415,
"car_ims/015100.jpg",184,116,32,711,526,
"car_ims/015103.jpg",184,44,233,951,647,
"car_ims/015104.jpg",184,306,348,1278,741,
"car_ims/015106.jpg",184,1,171,75,209,
"car_ims/015108.jpg",184,50,56,766,319,
"car_ims/015110.jpg",184,51,95,584,358,
"car_ims/015111.jpg",184,1,25,238,173,
"car_ims/015112.jpg",184,90,48,460,301,
"car_ims/015113.jpg",184,28,73,577,385,
"car_ims/015116.jpg",184,145,155,658,344,
"car_ims/015118.jpg",184,79,183,980,577,
"car_ims/015119.jpg",184,80,98,573,429,
"car_ims/015120.jpg",184,32,83,668,412,
"car_ims/015121.jpg",184,71,105,582,413,
"car_ims/015127.jpg",184,11,6,650,324,
"car_ims/015128.jpg",184,82,350,618,623,
"car_ims/015131.jpg",184,23,69,580,337,
"car_ims/015132.jpg",184,23,24,719,514,
"car_ims/015133.jpg",184,255,13,547,176,
"car_ims/015135.jpg",184,156,106,880,626,
"car_ims/015139.jpg",184,72,97,565,339,
"car_ims/015143.jpg",184,9,79,778,552,
"car_ims/015144.jpg",184,253,215,806,625,
"car_ims/015145.jpg",184,18,7,1012,615,
"car_ims/015146.jpg",184,48,645,2018,1391,
"car_ims/015147.jpg",184,70,182,918,496,
"car_ims/015150.jpg",184,350,296,1546,999,
"car_ims/015151.jpg",184,54,27,619,450,
"car_ims/015154.jpg",184,77,186,1020,667,
"car_ims/015159.jpg",184,0,116,196,276,
"car_ims/015164.jpg",184,758,106,1014,224,
"car_ims/015166.jpg",184,103,96,537,324,
"car_ims/015167.jpg",184,172,193,1244,774,
"car_ims/015168.jpg",184,0,6,234,232,
"car_ims/015170.jpg",184,48,137,629,383,
"car_ims/015172.jpg",184,202,58,790,440,
"car_ims/015174.jpg",185,75,171,499,347,
"car_ims/015175.jpg",185,319,486,1668,1432,
"car_ims/015176.jpg",185,35,26,614,247,
"car_ims/015178.jpg",185,21,48,542,256,
"car_ims/015179.jpg",185,89,115,1167,787,
"car_ims/015180.jpg",185,29,191,603,386,
"car_ims/015181.jpg",185,75,30,565,253,
"car_ims/015182.jpg",185,136,98,818,545,
"car_ims/015183.jpg",185,63,24,562,317,
"car_ims/015184.jpg",185,143,139,545,277,
"car_ims/015186.jpg",185,32,33,447,259,
"car_ims/015187.jpg",185,9,121,597,396,
"car_ims/015193.jpg",185,11,60,453,190,
"car_ims/015195.jpg",185,6,9,580,282,
"car_ims/015196.jpg",185,41,58,551,407,
"car_ims/015197.jpg",185,19,95,566,285,
"car_ims/015198.jpg",185,252,272,317,407,
"car_ims/015199.jpg",185,44,89,588,281,
"car_ims/015200.jpg",185,33,76,583,314,
"car_ims/015201.jpg",185,39,128,535,367,
"car_ims/015203.jpg",185,10,34,335,129,
"car_ims/015205.jpg",185,39,101,548,351,
"car_ims/015208.jpg",185,63,99,426,268,
"car_ims/015210.jpg",185,45,79,437,240,
"car_ims/015214.jpg",185,24,90,560,385,
"car_ims/015216.jpg",185,47,89,612,363,
"car_ims/015217.jpg",185,39,230,566,398,
"car_ims/015219.jpg",185,35,67,567,356,
"car_ims/015220.jpg",185,77,48,550,312,
"car_ims/015221.jpg",185,52,104,902,383,
"car_ims/015224.jpg",185,88,157,1154,748,
"car_ims/015226.jpg",185,131,205,1141,760,
"car_ims/015231.jpg",185,74,220,585,481,
"car_ims/015232.jpg",185,31,17,884,510,
"car_ims/015233.jpg",185,22,103,589,294,
"car_ims/015238.jpg",185,222,94,1103,684,
"car_ims/015241.jpg",185,30,213,581,386,
"car_ims/015242.jpg",185,78,183,1133,705,
"car_ims/015249.jpg",185,34,67,461,325,
"car_ims/015250.jpg",185,94,106,950,408,
"car_ims/015252.jpg",186,35,102,592,314,
"car_ims/015253.jpg",186,14,30,401,184,
"car_ims/015254.jpg",186,83,122,517,286,
"car_ims/015255.jpg",186,49,34,332,229,
"car_ims/015256.jpg",186,22,12,447,263,
"car_ims/015257.jpg",186,93,288,1135,830,
"car_ims/015259.jpg",186,23,73,615,292,
"car_ims/015260.jpg",186,23,38,538,409,
"car_ims/015261.jpg",186,57,199,947,578,
"car_ims/015262.jpg",186,0,79,397,235,
"car_ims/015265.jpg",186,5,27,387,216,
"car_ims/015266.jpg",186,25,65,516,291,
"car_ims/015267.jpg",186,596,122,639,156,
"car_ims/015268.jpg",186,0,10,491,219,
"car_ims/015269.jpg",186,0,68,500,282,
"car_ims/015270.jpg",186,36,66,259,171,
"car_ims/015272.jpg",186,32,120,68,148,
"car_ims/015273.jpg",186,14,73,610,311,
"car_ims/015274.jpg",186,22,89,336,249,
"car_ims/015275.jpg",186,10,14,300,174,
"car_ims/015276.jpg",186,0,30,85,99,
"car_ims/015277.jpg",186,85,140,535,323,
"car_ims/015282.jpg",186,6,9,497,214,
"car_ims/015283.jpg",186,511,68,640,125,
"car_ims/015284.jpg",186,31,59,490,352,
"car_ims/015287.jpg",186,123,172,1564,1077,
"car_ims/015289.jpg",186,14,43,297,189,
"car_ims/015290.jpg",186,149,153,1366,1081,
"car_ims/015291.jpg",186,92,115,588,342,
"car_ims/015292.jpg",186,105,167,938,661,
"car_ims/015293.jpg",186,44,13,297,167,
"car_ims/015294.jpg",186,3,94,178,191,
"car_ims/015295.jpg",186,101,40,284,130,
"car_ims/015296.jpg",186,7,52,288,211,
"car_ims/015299.jpg",186,37,99,432,273,
"car_ims/015301.jpg",186,119,96,537,352,
"car_ims/015302.jpg",186,17,200,619,432,
"car_ims/015304.jpg",186,12,47,789,429,
"car_ims/015309.jpg",186,27,59,608,268,
"car_ims/015312.jpg",186,4,28,289,208,
"car_ims/015320.jpg",186,17,12,459,324,
"car_ims/015322.jpg",186,0,112,56,203,
"car_ims/015324.jpg",186,26,41,473,287,
"car_ims/015326.jpg",186,182,138,461,366,
"car_ims/015327.jpg",186,0,333,719,986,
"car_ims/015328.jpg",187,198,162,785,583,
"car_ims/015329.jpg",187,335,296,1234,784,
"car_ims/015331.jpg",187,37,228,945,515,
"car_ims/015332.jpg",187,62,144,574,384,
"car_ims/015333.jpg",187,34,14,600,295,
"car_ims/015337.jpg",187,47,399,970,710,
"car_ims/015338.jpg",187,41,110,588,432,
"car_ims/015339.jpg",187,72,24,565,443,
"car_ims/015341.jpg",187,71,98,558,358,
"car_ims/015343.jpg",187,26,81,604,372,
"car_ims/015344.jpg",187,136,249,537,437,
"car_ims/015345.jpg",187,64,98,554,369,
"car_ims/015347.jpg",187,48,46,592,429,
"car_ims/015348.jpg",187,24,92,624,332,
"car_ims/015350.jpg",187,75,121,846,403,
"car_ims/015353.jpg",187,110,45,623,294,
"car_ims/015354.jpg",187,43,144,601,333,
"car_ims/015356.jpg",187,35,148,667,356,
"car_ims/015361.jpg",187,516,77,586,103,
"car_ims/015367.jpg",187,84,269,2565,1847,
"car_ims/015370.jpg",187,47,78,594,348,
"car_ims/015371.jpg",187,55,348,1502,1089,
"car_ims/015373.jpg",187,68,99,550,342,
"car_ims/015375.jpg",187,518,118,624,172,
"car_ims/015377.jpg",187,45,51,616,293,
"car_ims/015378.jpg",187,50,111,940,535,
"car_ims/015379.jpg",187,63,87,576,405,
"car_ims/015380.jpg",187,28,103,607,422,
"car_ims/015381.jpg",187,49,30,530,453,
"car_ims/015383.jpg",187,116,37,931,527,
"car_ims/015384.jpg",187,138,244,871,588,
"car_ims/015386.jpg",187,61,202,1221,795,
"car_ims/015387.jpg",187,120,141,681,390,
"car_ims/015388.jpg",187,23,60,630,414,
"car_ims/015394.jpg",187,82,150,551,308,
"car_ims/015396.jpg",187,75,59,608,422,
"car_ims/015398.jpg",187,79,122,535,363,
"car_ims/015400.jpg",187,57,136,598,382,
"car_ims/015401.jpg",187,51,43,547,363,
"car_ims/015402.jpg",187,152,134,513,324,
"car_ims/015405.jpg",187,242,493,1320,827,
"car_ims/015406.jpg",187,42,39,599,433,
"car_ims/015409.jpg",187,2,129,138,205,
"car_ims/015411.jpg",187,340,686,3340,2229,
"car_ims/015412.jpg",187,71,195,582,452,
"car_ims/015414.jpg",187,85,96,602,395,
"car_ims/015416.jpg",188,63,60,551,406,
"car_ims/015417.jpg",188,120,87,583,396,
"car_ims/015418.jpg",188,20,28,247,179,
"car_ims/015420.jpg",188,21,35,229,133,
"car_ims/015422.jpg",188,75,58,428,311,
"car_ims/015425.jpg",188,10,35,249,156,
"car_ims/015426.jpg",188,37,89,396,266,
"car_ims/015427.jpg",188,85,66,411,320,
"car_ims/015429.jpg",188,60,56,331,265,
"car_ims/015430.jpg",188,46,40,386,250,
"car_ims/015432.jpg",188,17,50,249,185,
"car_ims/015434.jpg",188,39,175,937,541,
"car_ims/015435.jpg",188,68,31,246,172,
"car_ims/015437.jpg",188,35,58,613,337,
"car_ims/015438.jpg",188,213,85,1957,1515,
"car_ims/015439.jpg",188,49,75,518,249,
"car_ims/015442.jpg",188,60,45,256,166,
"car_ims/015443.jpg",188,67,22,465,255,
"car_ims/015445.jpg",188,27,29,242,169,
"car_ims/015446.jpg",188,19,27,249,181,
"car_ims/015450.jpg",188,29,34,388,291,
"car_ims/015451.jpg",188,18,52,458,327,
"car_ims/015452.jpg",188,125,143,1222,661,
"car_ims/015454.jpg",188,174,165,622,409,
"car_ims/015455.jpg",188,71,267,742,573,
"car_ims/015456.jpg",188,56,74,579,366,
"car_ims/015457.jpg",188,84,230,942,572,
"car_ims/015459.jpg",188,107,102,917,660,
"car_ims/015461.jpg",188,33,23,573,419,
"car_ims/015467.jpg",188,57,114,619,411,
"car_ims/015468.jpg",188,38,20,623,348,
"car_ims/015469.jpg",188,27,69,278,184,
"car_ims/015471.jpg",188,63,41,223,123,
"car_ims/015472.jpg",188,29,18,368,191,
"car_ims/015473.jpg",188,3,45,249,172,
"car_ims/015474.jpg",188,43,64,203,152,
"car_ims/015475.jpg",188,49,112,402,261,
"car_ims/015476.jpg",188,37,4,633,201,
"car_ims/015477.jpg",188,17,188,598,429,
"car_ims/015478.jpg",188,43,62,565,330,
"car_ims/015480.jpg",188,21,132,559,329,
"car_ims/015481.jpg",188,28,72,458,285,
"car_ims/015482.jpg",188,9,8,230,183,
"car_ims/015486.jpg",188,20,150,612,431,
"car_ims/015487.jpg",188,9,41,247,153,
"car_ims/015488.jpg",188,20,34,257,158,
"car_ims/015490.jpg",188,10,26,248,155,
"car_ims/015491.jpg",188,115,285,967,588,
"car_ims/015496.jpg",188,14,43,239,162,
"car_ims/015500.jpg",188,8,46,254,172,
"car_ims/015502.jpg",189,29,27,254,199,
"car_ims/015503.jpg",189,83,6,800,510,
"car_ims/015504.jpg",189,51,34,570,320,
"car_ims/015506.jpg",189,73,165,572,401,
"car_ims/015507.jpg",189,964,137,1070,253,
"car_ims/015509.jpg",189,27,77,1543,783,
"car_ims/015510.jpg",189,274,79,312,112,
"car_ims/015512.jpg",189,35,125,408,276,
"car_ims/015519.jpg",189,0,118,42,176,
"car_ims/015520.jpg",189,4,11,258,117,
"car_ims/015522.jpg",189,70,99,508,379,
"car_ims/015524.jpg",189,81,147,523,333,
"car_ims/015525.jpg",189,11,28,273,166,
"car_ims/015526.jpg",189,19,122,757,426,
"car_ims/015527.jpg",189,4,36,258,178,
"car_ims/015529.jpg",189,82,109,672,431,
"car_ims/015530.jpg",189,1,262,46,303,
"car_ims/015531.jpg",189,55,45,253,135,
"car_ims/015532.jpg",189,45,48,276,171,
"car_ims/015536.jpg",189,32,60,242,142,
"car_ims/015537.jpg",189,224,44,231,55,
"car_ims/015538.jpg",189,127,173,693,416,
"car_ims/015539.jpg",189,55,124,501,319,
"car_ims/015543.jpg",189,5,8,261,137,
"car_ims/015544.jpg",189,18,59,587,379,
"car_ims/015548.jpg",189,40,58,462,273,
"car_ims/015549.jpg",189,13,24,273,160,
"car_ims/015550.jpg",189,598,118,639,170,
"car_ims/015552.jpg",189,23,160,592,401,
"car_ims/015553.jpg",189,12,67,57,91,
"car_ims/015555.jpg",189,210,418,1725,1031,
"car_ims/015558.jpg",189,87,275,726,576,
"car_ims/015568.jpg",189,34,126,609,408,
"car_ims/015569.jpg",189,35,33,337,176,
"car_ims/015573.jpg",189,68,52,424,220,
"car_ims/015574.jpg",189,14,48,247,164,
"car_ims/015575.jpg",189,1,23,42,154,
"car_ims/015577.jpg",189,11,39,434,269,
"car_ims/015582.jpg",189,153,32,633,479,
"car_ims/015583.jpg",190,64,376,1006,760,
"car_ims/015586.jpg",190,26,48,389,286,
"car_ims/015587.jpg",190,14,73,252,171,
"car_ims/015590.jpg",190,8,30,180,123,
"car_ims/015593.jpg",190,67,76,759,465,
"car_ims/015594.jpg",190,8,17,206,130,
"car_ims/015595.jpg",190,9,24,290,178,
"car_ims/015596.jpg",190,29,33,419,251,
"car_ims/015597.jpg",190,27,93,603,433,
"car_ims/015598.jpg",190,19,43,552,319,
"car_ims/015600.jpg",190,13,17,412,248,
"car_ims/015603.jpg",190,26,48,267,197,
"car_ims/015604.jpg",190,25,40,232,153,
"car_ims/015606.jpg",190,39,25,182,94,
"car_ims/015607.jpg",190,26,43,296,177,
"car_ims/015608.jpg",190,14,39,250,172,
"car_ims/015609.jpg",190,32,106,244,189,
"car_ims/015610.jpg",190,54,101,613,387,
"car_ims/015611.jpg",190,5,9,227,156,
"car_ims/015612.jpg",190,103,118,306,189,
"car_ims/015614.jpg",190,12,31,287,141,
"car_ims/015616.jpg",190,86,122,510,383,
"car_ims/015617.jpg",190,9,30,185,113,
"car_ims/015618.jpg",190,37,68,363,214,
"car_ims/015621.jpg",190,38,198,614,518,
"car_ims/015623.jpg",190,56,43,587,435,
"car_ims/015624.jpg",190,25,49,217,169,
"car_ims/015625.jpg",190,313,78,375,105,
"car_ims/015626.jpg",190,3,16,256,161,
"car_ims/015628.jpg",190,11,14,241,179,
"car_ims/015629.jpg",190,10,41,198,145,
"car_ims/015631.jpg",190,37,140,347,254,
"car_ims/015632.jpg",190,5,23,167,128,
"car_ims/015633.jpg",190,56,130,533,356,
"car_ims/015639.jpg",190,40,26,512,288,
"car_ims/015642.jpg",190,2,12,92,58,
"car_ims/015644.jpg",190,30,120,619,445,
"car_ims/015646.jpg",190,19,31,251,170,
"car_ims/015650.jpg",190,70,104,758,480,
"car_ims/015651.jpg",190,31,13,202,155,
"car_ims/015654.jpg",190,228,78,259,93,
"car_ims/015655.jpg",190,184,90,504,342,
"car_ims/015657.jpg",190,220,185,585,376,
"car_ims/015658.jpg",190,39,40,273,179,
"car_ims/015659.jpg",190,18,39,234,146,
"car_ims/015661.jpg",190,102,148,566,386,
"car_ims/015662.jpg",190,25,60,607,391,
"car_ims/015663.jpg",190,59,104,1423,952,
"car_ims/015666.jpg",190,87,77,627,370,
"car_ims/015668.jpg",190,49,91,256,172,
"car_ims/015669.jpg",191,35,178,768,517,
"car_ims/015670.jpg",191,33,59,892,645,
"car_ims/015672.jpg",191,50,168,612,384,
"car_ims/015679.jpg",191,70,119,406,393,
"car_ims/015681.jpg",191,90,274,1173,771,
"car_ims/015683.jpg",191,50,63,823,449,
"car_ims/015684.jpg",191,15,24,772,510,
"car_ims/015687.jpg",191,416,27,597,137,
"car_ims/015688.jpg",191,449,196,548,270,
"car_ims/015689.jpg",191,66,77,592,263,
"car_ims/015692.jpg",191,101,74,922,542,
"car_ims/015693.jpg",191,1,29,245,349,
"car_ims/015696.jpg",191,2923,646,2979,833,
"car_ims/015699.jpg",191,185,49,833,600,
"car_ims/015701.jpg",191,98,146,557,418,
"car_ims/015702.jpg",191,3,73,624,412,
"car_ims/015704.jpg",191,61,160,561,413,
"car_ims/015706.jpg",191,49,275,762,549,
"car_ims/015707.jpg",191,165,323,1272,819,
"car_ims/015711.jpg",191,25,160,1594,932,
"car_ims/015712.jpg",191,44,215,1519,873,
"car_ims/015713.jpg",191,75,166,1582,1083,
"car_ims/015714.jpg",191,24,92,634,403,
"car_ims/015715.jpg",191,34,100,581,337,
"car_ims/015716.jpg",191,232,105,876,334,
"car_ims/015720.jpg",191,105,17,695,269,
"car_ims/015721.jpg",191,105,27,539,378,
"car_ims/015722.jpg",191,64,188,761,443,
"car_ims/015723.jpg",191,21,146,1240,730,
"car_ims/015724.jpg",191,98,59,715,398,
"car_ims/015725.jpg",191,50,161,771,449,
"car_ims/015726.jpg",191,83,125,570,420,
"car_ims/015727.jpg",191,48,112,930,648,
"car_ims/015730.jpg",191,467,89,638,194,
"car_ims/015732.jpg",191,45,23,604,433,
"car_ims/015734.jpg",191,72,110,582,445,
"car_ims/015735.jpg",191,51,70,622,454,
"car_ims/015738.jpg",191,36,79,684,438,
"car_ims/015740.jpg",191,31,76,598,431,
"car_ims/015743.jpg",191,67,181,1178,744,
"car_ims/015745.jpg",191,17,175,1024,599,
"car_ims/015746.jpg",191,39,147,590,335,
"car_ims/015748.jpg",191,3,27,214,307,
"car_ims/015749.jpg",191,124,111,693,432,
"car_ims/015751.jpg",191,13,121,634,421,
"car_ims/015752.jpg",191,27,87,447,392,
"car_ims/015753.jpg",191,78,380,1220,1001,
"car_ims/015754.jpg",191,77,219,599,439,
"car_ims/015755.jpg",191,40,53,670,438,
"car_ims/015756.jpg",191,81,173,530,370,
"car_ims/015757.jpg",191,54,163,728,509,
"car_ims/015759.jpg",191,489,93,602,213,
"car_ims/015760.jpg",191,17,100,630,379,
"car_ims/015761.jpg",192,58,150,776,451,
"car_ims/015765.jpg",192,148,177,954,626,
"car_ims/015767.jpg",192,138,100,1156,767,
"car_ims/015768.jpg",192,192,152,859,610,
"car_ims/015769.jpg",192,1,98,106,204,
"car_ims/015771.jpg",192,141,103,666,400,
"car_ims/015774.jpg",192,298,338,992,582,
"car_ims/015776.jpg",192,311,424,1559,992,
"car_ims/015782.jpg",192,193,234,547,381,
"car_ims/015784.jpg",192,48,161,966,650,
"car_ims/015785.jpg",192,50,44,2289,1457,
"car_ims/015788.jpg",192,315,299,1954,1439,
"car_ims/015790.jpg",192,76,50,512,294,
"car_ims/015791.jpg",192,35,179,615,393,
"car_ims/015793.jpg",192,64,70,579,387,
"car_ims/015794.jpg",192,59,315,940,674,
"car_ims/015796.jpg",192,195,251,860,546,
"car_ims/015797.jpg",192,371,256,943,522,
"car_ims/015798.jpg",192,57,46,591,354,
"car_ims/015799.jpg",192,49,209,918,561,
"car_ims/015800.jpg",192,72,65,583,423,
"car_ims/015802.jpg",192,79,121,965,648,
"car_ims/015803.jpg",192,47,121,924,653,
"car_ims/015810.jpg",192,73,108,982,595,
"car_ims/015811.jpg",192,55,110,599,411,
"car_ims/015814.jpg",192,113,469,1371,991,
"car_ims/015819.jpg",192,52,21,574,273,
"car_ims/015820.jpg",192,137,57,634,459,
"car_ims/015822.jpg",192,63,200,567,383,
"car_ims/015823.jpg",192,148,112,995,466,
"car_ims/015825.jpg",192,160,175,560,424,
"car_ims/015829.jpg",192,72,248,379,400,
"car_ims/015830.jpg",192,209,191,789,395,
"car_ims/015831.jpg",192,532,110,633,174,
"car_ims/015832.jpg",192,43,99,599,415,
"car_ims/015837.jpg",192,12,97,629,383,
"car_ims/015839.jpg",192,69,148,1460,1020,
"car_ims/015841.jpg",192,26,244,432,411,
"car_ims/015842.jpg",192,96,118,941,569,
"car_ims/015843.jpg",192,176,229,426,394,
"car_ims/015844.jpg",192,1,220,107,289,
"car_ims/015845.jpg",192,149,201,869,471,
"car_ims/015846.jpg",193,26,48,451,235,
"car_ims/015848.jpg",193,77,32,428,217,
"car_ims/015849.jpg",193,588,375,1498,1093,
"car_ims/015850.jpg",193,17,93,445,337,
"car_ims/015851.jpg",193,50,57,796,496,
"car_ims/015852.jpg",193,43,34,570,337,
"car_ims/015853.jpg",193,50,39,417,260,
"car_ims/015854.jpg",193,169,22,760,345,
"car_ims/015855.jpg",193,23,105,485,272,
"car_ims/015856.jpg",193,82,214,518,389,
"car_ims/015858.jpg",193,75,298,632,534,
"car_ims/015860.jpg",193,22,144,458,297,
"car_ims/015861.jpg",193,67,27,483,340,
"car_ims/015864.jpg",193,114,164,1326,855,
"car_ims/015865.jpg",193,191,192,905,599,
"car_ims/015866.jpg",193,68,43,939,724,
"car_ims/015867.jpg",193,107,173,961,637,
"car_ims/015868.jpg",193,165,290,1096,772,
"car_ims/015870.jpg",193,19,235,1004,626,
"car_ims/015873.jpg",193,45,73,472,283,
"car_ims/015874.jpg",193,140,55,567,290,
"car_ims/015875.jpg",193,115,39,476,270,
"car_ims/015876.jpg",193,108,143,713,444,
"car_ims/015877.jpg",193,89,97,1149,684,
"car_ims/015878.jpg",193,61,113,535,310,
"car_ims/015879.jpg",193,53,69,578,350,
"car_ims/015881.jpg",193,67,29,567,358,
"car_ims/015883.jpg",193,1,86,109,329,
"car_ims/015884.jpg",193,30,36,426,241,
"car_ims/015888.jpg",193,66,118,663,372,
"car_ims/015890.jpg",193,22,66,534,266,
"car_ims/015894.jpg",193,72,106,743,454,
"car_ims/015896.jpg",193,11,20,500,355,
"car_ims/015897.jpg",193,21,24,447,232,
"car_ims/015899.jpg",193,48,151,590,348,
"car_ims/015901.jpg",193,135,98,473,361,
"car_ims/015905.jpg",193,31,115,687,488,
"car_ims/015906.jpg",193,120,112,629,391,
"car_ims/015907.jpg",193,90,30,620,254,
"car_ims/015909.jpg",193,11,157,492,353,
"car_ims/015911.jpg",193,32,48,736,445,
"car_ims/015913.jpg",193,83,45,421,230,
"car_ims/015915.jpg",193,34,80,1134,648,
"car_ims/015916.jpg",193,32,21,548,350,
"car_ims/015917.jpg",193,34,123,696,399,
"car_ims/015920.jpg",193,38,95,562,406,
"car_ims/015923.jpg",193,136,30,893,594,
"car_ims/015924.jpg",193,187,167,639,419,
"car_ims/015925.jpg",193,145,140,580,375,
"car_ims/015926.jpg",193,209,252,1741,1119,
"car_ims/015927.jpg",193,162,142,619,478,
"car_ims/015928.jpg",193,94,147,505,321,
"car_ims/015929.jpg",194,31,182,603,455,
"car_ims/015930.jpg",194,68,122,193,183,
"car_ims/015932.jpg",194,428,139,510,194,
"car_ims/015933.jpg",194,8,112,683,439,
"car_ims/015934.jpg",194,1,148,55,200,
"car_ims/015937.jpg",194,34,0,637,214,
"car_ims/015939.jpg",194,26,223,616,407,
"car_ims/015941.jpg",194,16,175,998,551,
"car_ims/015942.jpg",194,622,13,1266,313,
"car_ims/015943.jpg",194,81,113,865,508,
"car_ims/015945.jpg",194,21,51,611,402,
"car_ims/015946.jpg",194,42,142,587,330,
"car_ims/015947.jpg",194,403,0,461,30,
"car_ims/015948.jpg",194,28,162,978,570,
"car_ims/015949.jpg",194,11,56,497,251,
"car_ims/015950.jpg",194,19,23,776,353,
"car_ims/015953.jpg",194,48,171,776,506,
"car_ims/015954.jpg",194,28,23,792,486,
"car_ims/015955.jpg",194,0,9,314,191,
"car_ims/015962.jpg",194,25,100,571,338,
"car_ims/015964.jpg",194,92,312,1211,857,
"car_ims/015965.jpg",194,1,65,39,134,
"car_ims/015966.jpg",194,54,137,1457,802,
"car_ims/015967.jpg",194,49,54,785,432,
"car_ims/015969.jpg",194,32,146,558,354,
"car_ims/015970.jpg",194,79,259,1089,885,
"car_ims/015974.jpg",194,83,100,569,387,
"car_ims/015976.jpg",194,57,101,767,394,
"car_ims/015978.jpg",194,155,128,551,379,
"car_ims/015979.jpg",194,24,52,554,395,
"car_ims/015980.jpg",194,85,148,717,414,
"car_ims/015983.jpg",194,203,56,547,294,
"car_ims/015984.jpg",194,34,174,1016,536,
"car_ims/015986.jpg",194,69,242,584,396,
"car_ims/015988.jpg",194,41,287,1582,866,
"car_ims/015989.jpg",194,227,124,420,223,
"car_ims/015990.jpg",194,18,38,606,400,
"car_ims/015992.jpg",194,333,116,436,146,
"car_ims/015995.jpg",194,469,192,639,304,
"car_ims/015997.jpg",194,507,55,640,205,
"car_ims/015998.jpg",194,9,116,639,363,
"car_ims/015999.jpg",194,38,80,157,127,
"car_ims/016001.jpg",194,6,72,595,397,
"car_ims/016002.jpg",194,752,186,900,326,
"car_ims/016004.jpg",194,305,261,1463,890,
"car_ims/016005.jpg",194,49,78,469,246,
"car_ims/016007.jpg",194,47,102,739,313,
"car_ims/016009.jpg",194,16,171,652,370,
"car_ims/016012.jpg",194,389,32,545,83,
"car_ims/016013.jpg",194,1,130,50,192,
"car_ims/016015.jpg",194,280,77,417,132,
"car_ims/016017.jpg",194,21,134,618,370,
"car_ims/016018.jpg",194,479,35,636,128,
"car_ims/016020.jpg",195,1,36,33,60,
"car_ims/016021.jpg",195,43,73,484,301,
"car_ims/016022.jpg",195,543,201,626,259,
"car_ims/016023.jpg",195,38,76,611,446,
"car_ims/016024.jpg",195,85,40,445,268,
"car_ims/016025.jpg",195,38,75,216,176,
"car_ims/016027.jpg",195,29,25,389,251,
"car_ims/016031.jpg",195,71,119,600,398,
"car_ims/016032.jpg",195,101,266,975,689,
"car_ims/016035.jpg",195,51,60,747,484,
"car_ims/016037.jpg",195,10,86,333,208,
"car_ims/016038.jpg",195,10,20,275,156,
"car_ims/016039.jpg",195,0,96,39,122,
"car_ims/016040.jpg",195,21,108,48,142,
"car_ims/016041.jpg",195,792,204,993,357,
"car_ims/016045.jpg",195,38,58,600,421,
"car_ims/016046.jpg",195,540,196,747,267,
"car_ims/016047.jpg",195,53,49,500,317,
"car_ims/016048.jpg",195,114,10,469,279,
"car_ims/016049.jpg",195,594,178,640,282,
"car_ims/016050.jpg",195,143,99,480,407,
"car_ims/016052.jpg",195,115,54,588,415,
"car_ims/016053.jpg",195,37,64,264,210,
"car_ims/016054.jpg",195,23,48,285,192,
"car_ims/016056.jpg",195,30,18,682,318,
"car_ims/016057.jpg",195,34,9,284,186,
"car_ims/016060.jpg",195,64,54,835,355,
"car_ims/016061.jpg",195,40,15,627,411,
"car_ims/016062.jpg",195,1,123,33,154,
"car_ims/016064.jpg",195,113,93,669,439,
"car_ims/016066.jpg",195,40,96,992,663,
"car_ims/016067.jpg",195,159,231,293,284,
"car_ims/016068.jpg",195,33,52,205,140,
"car_ims/016069.jpg",195,42,80,608,406,
"car_ims/016071.jpg",195,78,115,443,303,
"car_ims/016073.jpg",195,36,88,237,169,
"car_ims/016074.jpg",195,12,18,284,170,
"car_ims/016076.jpg",195,599,178,640,214,
"car_ims/016077.jpg",195,28,23,422,234,
"car_ims/016079.jpg",195,47,100,445,294,
"car_ims/016080.jpg",195,16,33,304,198,
"car_ims/016084.jpg",195,13,50,246,180,
"car_ims/016085.jpg",195,25,14,228,162,
"car_ims/016090.jpg",195,15,10,337,191,
"car_ims/016091.jpg",195,32,61,620,359,
"car_ims/016092.jpg",195,11,17,282,147,
"car_ims/016095.jpg",195,105,82,558,337,
"car_ims/016096.jpg",195,27,30,419,280,
"car_ims/016097.jpg",195,22,73,306,213,
"car_ims/016099.jpg",195,71,33,360,305,
"car_ims/016101.jpg",195,213,70,235,93,
"car_ims/016104.jpg",195,119,405,1211,833,
"car_ims/016105.jpg",195,17,14,288,162,
"car_ims/016106.jpg",196,40,24,490,269,
"car_ims/016108.jpg",196,49,66,245,176,
"car_ims/016110.jpg",196,71,59,465,364,
"car_ims/016111.jpg",196,17,36,221,162,
"car_ims/016112.jpg",196,16,14,197,110,
"car_ims/016113.jpg",196,255,289,1799,1178,
"car_ims/016114.jpg",196,142,154,703,517,
"car_ims/016115.jpg",196,45,40,218,164,
"car_ims/016116.jpg",196,20,25,386,233,
"car_ims/016117.jpg",196,11,42,228,190,
"car_ims/016118.jpg",196,79,21,93,36,
"car_ims/016119.jpg",196,441,79,509,167,
"car_ims/016122.jpg",196,49,40,196,158,
"car_ims/016126.jpg",196,98,96,902,672,
"car_ims/016127.jpg",196,661,132,894,299,
"car_ims/016130.jpg",196,49,85,793,559,
"car_ims/016131.jpg",196,10,14,490,300,
"car_ims/016132.jpg",196,75,120,383,309,
"car_ims/016133.jpg",196,21,55,278,204,
"car_ims/016134.jpg",196,66,123,1241,756,
"car_ims/016135.jpg",196,7,14,253,182,
"car_ims/016138.jpg",196,133,25,264,117,
"car_ims/016139.jpg",196,72,51,500,379,
"car_ims/016140.jpg",196,48,20,425,303,
"car_ims/016141.jpg",196,47,33,556,358,
"car_ims/016142.jpg",196,186,10,1172,760,
"car_ims/016144.jpg",196,24,43,470,319,
"car_ims/016145.jpg",196,110,162,414,376,
"car_ims/016146.jpg",196,14,5,213,113,
"car_ims/016147.jpg",196,104,83,459,314,
"car_ims/016148.jpg",196,61,54,355,229,
"car_ims/016149.jpg",196,14,29,496,375,
"car_ims/016150.jpg",196,17,72,373,291,
"car_ims/016156.jpg",196,74,113,599,414,
"car_ims/016158.jpg",196,24,80,513,375,
"car_ims/016161.jpg",196,36,30,229,166,
"car_ims/016162.jpg",196,71,128,1203,777,
"car_ims/016163.jpg",196,30,40,228,161,
"car_ims/016168.jpg",196,29,37,492,306,
"car_ims/016169.jpg",196,78,61,916,554,
"car_ims/016172.jpg",196,75,47,339,219,
"car_ims/016174.jpg",196,86,70,559,388,
"car_ims/016176.jpg",196,80,104,564,366,
"car_ims/016177.jpg",196,72,18,369,196,
"car_ims/016178.jpg",196,306,104,354,159,
"car_ims/016180.jpg",196,62,76,471,320,
"car_ims/016183.jpg",196,32,38,576,369,
"car_ims/016184.jpg",196,198,66,228,81,
"car_ims/016185.jpg",196,112,10,156,43,
