"relative_im_path","class","xmin","ymin","xmax","ymax",
"car_ims/004002.jpg",50,74,70,597,379,
"car_ims/004005.jpg",50,22,78,1974,993,
"car_ims/004008.jpg",50,65,112,600,366,
"car_ims/004009.jpg",50,52,21,587,438,
"car_ims/004010.jpg",50,209,59,781,292,
"car_ims/004014.jpg",50,203,55,516,203,
"car_ims/004015.jpg",50,29,88,627,420,
"car_ims/004016.jpg",50,189,145,454,379,
"car_ims/004018.jpg",50,55,117,595,330,
"car_ims/004023.jpg",50,25,143,598,478,
"car_ims/004025.jpg",50,46,58,611,312,
"car_ims/004026.jpg",50,490,23,640,304,
"car_ims/004028.jpg",50,62,175,1020,562,
"car_ims/004029.jpg",50,26,96,190,150,
"car_ims/004031.jpg",50,13,89,616,386,
"car_ims/004033.jpg",50,206,231,551,405,
"car_ims/004034.jpg",50,85,156,595,343,
"car_ims/004035.jpg",50,57,100,1137,570,
"car_ims/004036.jpg",50,116,138,1001,677,
"car_ims/004037.jpg",50,103,93,577,420,
"car_ims/004040.jpg",50,99,221,585,414,
"car_ims/004041.jpg",50,112,170,600,443,
"car_ims/004043.jpg",50,42,67,1475,635,
"car_ims/004044.jpg",50,34,60,617,421,
"car_ims/004047.jpg",50,115,124,409,347,
"car_ims/004048.jpg",51,158,429,1394,992,
"car_ims/004049.jpg",51,44,165,963,606,
"car_ims/004051.jpg",51,31,69,380,274,
"car_ims/004052.jpg",51,69,38,578,352,
"car_ims/004056.jpg",51,65,131,602,366,
"car_ims/004058.jpg",51,14,85,289,185,
"car_ims/004060.jpg",51,101,29,235,122,
"car_ims/004063.jpg",51,32,32,461,256,
"car_ims/004064.jpg",51,14,7,494,188,
"car_ims/004065.jpg",51,1,44,255,150,
"car_ims/004070.jpg",51,132,26,212,59,
"car_ims/004071.jpg",51,14,31,247,164,
"car_ims/004072.jpg",51,73,119,622,377,
"car_ims/004073.jpg",51,68,55,250,133,
"car_ims/004074.jpg",51,139,121,1049,743,
"car_ims/004077.jpg",51,90,85,497,359,
"car_ims/004079.jpg",51,33,206,629,446,
"car_ims/004082.jpg",51,17,43,275,196,
"car_ims/004086.jpg",51,11,40,248,156,
"car_ims/004087.jpg",51,16,51,388,224,
"car_ims/004090.jpg",51,15,31,242,153,
"car_ims/004091.jpg",51,39,41,218,147,
"car_ims/004092.jpg",51,183,30,417,138,
"car_ims/004097.jpg",51,92,88,471,305,
"car_ims/004098.jpg",51,51,103,500,273,
"car_ims/004103.jpg",51,152,358,1955,1012,
"car_ims/004106.jpg",51,60,232,1125,678,
"car_ims/004107.jpg",51,72,119,930,602,
"car_ims/004109.jpg",51,61,20,245,175,
"car_ims/004110.jpg",51,7,82,419,274,
"car_ims/004111.jpg",51,29,134,549,364,
"car_ims/004113.jpg",51,8,50,247,156,
"car_ims/004115.jpg",51,182,192,675,435,
"car_ims/004116.jpg",51,88,197,889,570,
"car_ims/004119.jpg",51,11,11,241,184,
"car_ims/004120.jpg",51,52,58,414,279,
"car_ims/004121.jpg",51,9,10,279,155,
"car_ims/004124.jpg",51,51,43,262,152,
"car_ims/004125.jpg",51,13,35,257,150,
"car_ims/004126.jpg",51,3,14,254,172,
"car_ims/004133.jpg",51,47,47,256,145,
"car_ims/004134.jpg",52,385,76,623,195,
"car_ims/004135.jpg",52,13,39,276,205,
"car_ims/004136.jpg",52,60,71,531,369,
"car_ims/004137.jpg",52,125,132,478,307,
"car_ims/004138.jpg",52,16,64,419,302,
"car_ims/004139.jpg",52,355,68,472,124,
"car_ims/004142.jpg",52,119,147,358,302,
"car_ims/004144.jpg",52,64,44,177,108,
"car_ims/004145.jpg",52,8,117,456,277,
"car_ims/004146.jpg",52,83,108,315,230,
"car_ims/004149.jpg",52,159,130,531,347,
"car_ims/004152.jpg",52,18,41,618,404,
"car_ims/004155.jpg",52,182,85,435,273,
"car_ims/004156.jpg",52,10,12,271,125,
"car_ims/004157.jpg",52,3,54,191,170,
"car_ims/004159.jpg",52,117,31,520,302,
"car_ims/004161.jpg",52,15,65,520,343,
"car_ims/004164.jpg",52,39,160,460,323,
"car_ims/004165.jpg",52,63,84,735,425,
"car_ims/004166.jpg",52,92,140,412,289,
"car_ims/004167.jpg",52,12,12,270,125,
"car_ims/004174.jpg",52,7,82,397,238,
"car_ims/004175.jpg",52,303,265,2175,1269,
"car_ims/004176.jpg",52,69,30,424,309,
"car_ims/004177.jpg",52,67,46,271,169,
"car_ims/004178.jpg",52,10,10,275,181,
"car_ims/004179.jpg",52,101,219,932,669,
"car_ims/004180.jpg",52,30,138,616,443,
"car_ims/004181.jpg",52,246,188,523,385,
"car_ims/004185.jpg",52,0,117,739,404,
"car_ims/004188.jpg",52,92,138,437,323,
"car_ims/004190.jpg",52,25,133,424,282,
"car_ims/004195.jpg",52,102,151,954,555,
"car_ims/004196.jpg",52,13,74,256,169,
"car_ims/004199.jpg",52,23,74,270,168,
"car_ims/004201.jpg",52,9,22,278,196,
"car_ims/004203.jpg",52,5,22,295,205,
"car_ims/004204.jpg",52,9,16,477,299,
"car_ims/004206.jpg",52,379,36,427,116,
"car_ims/004207.jpg",52,73,96,584,329,
"car_ims/004208.jpg",52,37,69,609,394,
"car_ims/004209.jpg",52,14,29,204,140,
"car_ims/004210.jpg",52,5,13,297,153,
"car_ims/004211.jpg",52,18,38,444,264,
"car_ims/004214.jpg",52,11,101,372,244,
"car_ims/004216.jpg",53,4,16,254,163,
"car_ims/004218.jpg",53,10,43,262,136,
"car_ims/004219.jpg",53,35,80,567,301,
"car_ims/004221.jpg",53,19,19,267,176,
"car_ims/004223.jpg",53,30,104,614,395,
"car_ims/004225.jpg",53,501,119,512,147,
"car_ims/004227.jpg",53,188,60,227,76,
"car_ims/004228.jpg",53,7,21,609,261,
"car_ims/004229.jpg",53,1,69,30,82,
"car_ims/004234.jpg",53,38,55,222,153,
"car_ims/004236.jpg",53,19,170,674,451,
"car_ims/004237.jpg",53,63,194,1547,715,
"car_ims/004241.jpg",53,86,127,514,335,
"car_ims/004242.jpg",53,23,29,246,156,
"car_ims/004243.jpg",53,33,59,470,274,
"car_ims/004246.jpg",53,34,51,224,139,
"car_ims/004247.jpg",53,10,40,270,169,
"car_ims/004248.jpg",53,19,86,631,477,
"car_ims/004249.jpg",53,58,183,544,409,
"car_ims/004250.jpg",53,27,26,374,168,
"car_ims/004251.jpg",53,142,8,177,23,
"car_ims/004252.jpg",53,13,69,247,154,
"car_ims/004255.jpg",53,9,72,470,352,
"car_ims/004256.jpg",53,62,75,416,221,
"car_ims/004257.jpg",53,9,67,52,90,
"car_ims/004258.jpg",53,4,5,261,173,
"car_ims/004262.jpg",53,17,51,250,131,
"car_ims/004264.jpg",53,30,81,579,421,
"car_ims/004265.jpg",53,45,93,255,190,
"car_ims/004266.jpg",53,25,100,605,376,
"car_ims/004267.jpg",53,168,71,201,85,
"car_ims/004268.jpg",53,514,109,542,132,
"car_ims/004271.jpg",53,14,99,611,450,
"car_ims/004272.jpg",53,30,87,347,239,
"car_ims/004275.jpg",53,22,41,226,153,
"car_ims/004276.jpg",53,4,101,625,416,
"car_ims/004278.jpg",53,67,101,592,382,
"car_ims/004281.jpg",53,1,89,46,130,
"car_ims/004283.jpg",53,46,0,396,206,
"car_ims/004287.jpg",53,9,14,274,170,
"car_ims/004291.jpg",53,2,9,228,87,
"car_ims/004293.jpg",53,1207,184,1711,465,
"car_ims/004294.jpg",53,32,54,374,217,
"car_ims/004295.jpg",53,299,7,371,31,
"car_ims/004297.jpg",53,6,68,256,156,
"car_ims/004298.jpg",53,39,49,574,356,
"car_ims/004299.jpg",53,27,40,365,237,
"car_ims/004303.jpg",53,46,73,599,378,
"car_ims/004304.jpg",53,15,35,383,170,
"car_ims/004307.jpg",54,9,19,267,182,
"car_ims/004308.jpg",54,30,109,595,399,
"car_ims/004309.jpg",54,98,229,644,421,
"car_ims/004310.jpg",54,6,43,249,149,
"car_ims/004311.jpg",54,36,51,452,312,
"car_ims/004312.jpg",54,47,92,422,281,
"car_ims/004313.jpg",54,20,82,576,351,
"car_ims/004314.jpg",54,15,28,248,162,
"car_ims/004315.jpg",54,31,70,251,173,
"car_ims/004316.jpg",54,27,32,234,166,
"car_ims/004318.jpg",54,18,36,623,422,
"car_ims/004321.jpg",54,3,4,236,163,
"car_ims/004324.jpg",54,0,65,44,100,
"car_ims/004325.jpg",54,8,30,630,387,
"car_ims/004327.jpg",54,13,23,300,142,
"car_ims/004328.jpg",54,20,13,244,157,
"car_ims/004330.jpg",54,20,17,260,146,
"car_ims/004331.jpg",54,13,130,67,157,
"car_ims/004332.jpg",54,1,30,259,169,
"car_ims/004333.jpg",54,121,201,939,568,
"car_ims/004336.jpg",54,60,97,572,377,
"car_ims/004337.jpg",54,6,46,248,162,
"car_ims/004339.jpg",54,31,95,627,388,
"car_ims/004340.jpg",54,29,67,590,362,
"car_ims/004341.jpg",54,11,21,262,175,
"car_ims/004342.jpg",54,1,20,247,168,
"car_ims/004343.jpg",54,12,35,251,180,
"car_ims/004344.jpg",54,10,33,463,312,
"car_ims/004345.jpg",54,17,40,386,260,
"car_ims/004347.jpg",54,13,50,239,166,
"car_ims/004348.jpg",54,21,106,468,259,
"car_ims/004349.jpg",54,30,69,474,339,
"car_ims/004350.jpg",54,4,50,295,152,
"car_ims/004353.jpg",54,117,154,359,255,
"car_ims/004354.jpg",54,41,108,459,325,
"car_ims/004356.jpg",54,5,59,586,316,
"car_ims/004358.jpg",54,41,113,372,245,
"car_ims/004360.jpg",54,40,35,240,153,
"car_ims/004361.jpg",54,16,95,687,373,
"car_ims/004362.jpg",54,3,37,253,180,
"car_ims/004364.jpg",54,12,70,481,314,
"car_ims/004365.jpg",54,17,87,444,340,
"car_ims/004367.jpg",54,24,72,399,268,
"car_ims/004368.jpg",54,59,112,659,396,
"car_ims/004369.jpg",54,7,29,583,471,
"car_ims/004373.jpg",54,20,120,438,274,
"car_ims/004374.jpg",54,6,119,573,333,
"car_ims/004376.jpg",54,28,90,92,127,
"car_ims/004378.jpg",54,21,46,237,164,
"car_ims/004382.jpg",54,32,114,737,438,
"car_ims/004383.jpg",54,8,30,255,170,
"car_ims/004384.jpg",54,10,39,240,163,
"car_ims/004385.jpg",55,41,125,500,297,
"car_ims/004387.jpg",55,18,75,383,194,
"car_ims/004388.jpg",55,175,201,1409,812,
"car_ims/004390.jpg",55,19,58,518,258,
"car_ims/004392.jpg",55,75,144,697,420,
"car_ims/004395.jpg",55,26,87,222,154,
"car_ims/004396.jpg",55,65,325,1219,684,
"car_ims/004397.jpg",55,58,91,549,254,
"car_ims/004398.jpg",55,33,72,519,352,
"car_ims/004399.jpg",55,151,215,1455,1017,
"car_ims/004402.jpg",55,284,341,1361,861,
"car_ims/004408.jpg",55,99,167,730,369,
"car_ims/004409.jpg",55,76,51,722,476,
"car_ims/004411.jpg",55,16,138,388,250,
"car_ims/004413.jpg",55,99,610,1874,1132,
"car_ims/004414.jpg",55,4,245,268,444,
"car_ims/004415.jpg",55,8,162,472,293,
"car_ims/004417.jpg",55,60,56,464,204,
"car_ims/004419.jpg",55,75,204,850,576,
"car_ims/004421.jpg",55,48,168,592,381,
"car_ims/004422.jpg",55,12,83,500,271,
"car_ims/004423.jpg",55,118,419,2102,1200,
"car_ims/004426.jpg",55,237,258,1367,798,
"car_ims/004429.jpg",55,30,163,625,374,
"car_ims/004430.jpg",55,40,115,565,329,
"car_ims/004433.jpg",55,32,138,583,389,
"car_ims/004434.jpg",55,72,191,970,469,
"car_ims/004437.jpg",55,35,158,604,325,
"car_ims/004438.jpg",55,80,327,946,615,
"car_ims/004441.jpg",55,12,11,1265,511,
"car_ims/004443.jpg",55,76,115,437,295,
"car_ims/004445.jpg",55,33,153,623,348,
"car_ims/004447.jpg",55,46,169,748,477,
"car_ims/004448.jpg",55,25,73,413,230,
"car_ims/004451.jpg",55,59,172,1240,819,
"car_ims/004452.jpg",55,42,160,1265,663,
"car_ims/004453.jpg",55,243,332,1355,827,
"car_ims/004454.jpg",55,103,340,909,589,
"car_ims/004458.jpg",55,50,160,540,296,
"car_ims/004459.jpg",55,9,244,1018,613,
"car_ims/004461.jpg",55,34,10,420,313,
"car_ims/004463.jpg",55,33,92,617,397,
"car_ims/004465.jpg",56,52,106,416,239,
"car_ims/004471.jpg",56,56,53,243,162,
"car_ims/004474.jpg",56,13,46,260,150,
"car_ims/004475.jpg",56,144,280,1128,768,
"car_ims/004476.jpg",56,60,163,727,434,
"car_ims/004477.jpg",56,29,59,608,339,
"car_ims/004479.jpg",56,52,120,385,253,
"car_ims/004484.jpg",56,27,177,943,608,
"car_ims/004486.jpg",56,135,259,1233,627,
"car_ims/004487.jpg",56,22,62,208,116,
"car_ims/004489.jpg",56,11,34,499,319,
"car_ims/004490.jpg",56,8,61,374,234,
"car_ims/004491.jpg",56,15,116,466,257,
"car_ims/004493.jpg",56,15,70,463,297,
"car_ims/004497.jpg",56,10,44,285,158,
"car_ims/004498.jpg",56,75,61,218,149,
"car_ims/004499.jpg",56,14,82,481,310,
"car_ims/004504.jpg",56,668,1070,4185,2482,
"car_ims/004510.jpg",56,108,152,433,279,
"car_ims/004511.jpg",56,11,33,267,143,
"car_ims/004513.jpg",56,47,455,2021,1123,
"car_ims/004514.jpg",56,27,138,631,394,
"car_ims/004515.jpg",56,28,14,242,160,
"car_ims/004516.jpg",56,166,401,712,697,
"car_ims/004517.jpg",56,109,221,581,363,
"car_ims/004518.jpg",56,58,305,1214,633,
"car_ims/004519.jpg",56,56,473,1238,798,
"car_ims/004520.jpg",56,62,121,1255,713,
"car_ims/004522.jpg",56,16,47,292,163,
"car_ims/004524.jpg",56,0,72,253,201,
"car_ims/004526.jpg",56,15,45,273,182,
"car_ims/004527.jpg",56,34,105,440,309,
"car_ims/004530.jpg",56,14,48,241,155,
"car_ims/004531.jpg",56,23,43,597,543,
"car_ims/004534.jpg",56,51,83,932,680,
"car_ims/004538.jpg",56,508,598,2376,1702,
"car_ims/004540.jpg",56,97,81,450,315,
"car_ims/004541.jpg",56,25,70,267,184,
"car_ims/004542.jpg",56,37,41,146,106,
"car_ims/004543.jpg",56,25,109,549,322,
"car_ims/004545.jpg",56,63,19,442,269,
"car_ims/004547.jpg",56,63,26,572,426,
"car_ims/004548.jpg",56,159,236,513,417,
"car_ims/004551.jpg",56,15,42,250,158,
"car_ims/004552.jpg",56,36,157,455,331,
"car_ims/004553.jpg",56,41,111,990,603,
"car_ims/004554.jpg",56,101,196,418,318,
"car_ims/004555.jpg",56,28,85,226,163,
"car_ims/004558.jpg",57,47,201,826,433,
"car_ims/004561.jpg",57,7,39,249,146,
"car_ims/004569.jpg",57,97,25,958,587,
"car_ims/004570.jpg",57,87,62,603,416,
"car_ims/004573.jpg",57,5,43,800,582,
"car_ims/004576.jpg",57,53,78,312,169,
"car_ims/004577.jpg",57,26,36,488,298,
"car_ims/004579.jpg",57,73,71,268,131,
"car_ims/004580.jpg",57,106,121,921,568,
"car_ims/004581.jpg",57,32,85,500,298,
"car_ims/004582.jpg",57,44,296,1130,790,
"car_ims/004583.jpg",57,3,15,72,48,
"car_ims/004585.jpg",57,30,68,245,149,
"car_ims/004586.jpg",57,26,73,220,143,
"car_ims/004587.jpg",57,38,208,623,409,
"car_ims/004589.jpg",57,19,141,611,387,
"car_ims/004590.jpg",57,80,133,697,384,
"car_ims/004593.jpg",57,28,39,404,212,
"car_ims/004594.jpg",57,13,188,743,417,
"car_ims/004595.jpg",57,34,39,147,85,
"car_ims/004596.jpg",57,11,33,108,71,
"car_ims/004597.jpg",57,24,107,399,222,
"car_ims/004601.jpg",57,131,115,530,309,
"car_ims/004603.jpg",57,32,94,710,387,
"car_ims/004604.jpg",57,23,118,518,269,
"car_ims/004607.jpg",57,9,39,630,424,
"car_ims/004608.jpg",57,5,8,70,51,
"car_ims/004610.jpg",57,173,218,659,1553,
"car_ims/004612.jpg",57,22,16,34,27,
"car_ims/004613.jpg",57,212,309,840,626,
"car_ims/004616.jpg",57,16,5,418,159,
"car_ims/004618.jpg",57,11,31,87,58,
"car_ims/004623.jpg",57,19,38,603,427,
"car_ims/004624.jpg",57,19,55,383,273,
"car_ims/004627.jpg",57,41,191,1059,621,
"car_ims/004628.jpg",57,18,14,170,119,
"car_ims/004629.jpg",57,49,156,458,264,
"car_ims/004630.jpg",57,169,38,859,373,
"car_ims/004631.jpg",57,5,24,150,79,
"car_ims/004633.jpg",58,18,21,633,426,
"car_ims/004635.jpg",58,78,178,584,437,
"car_ims/004636.jpg",58,60,55,1075,669,
"car_ims/004639.jpg",58,131,53,508,425,
"car_ims/004642.jpg",58,31,104,598,363,
"car_ims/004643.jpg",58,8,82,632,327,
"car_ims/004644.jpg",58,93,168,534,386,
"car_ims/004647.jpg",58,70,284,2591,1759,
"car_ims/004654.jpg",58,81,75,585,356,
"car_ims/004655.jpg",58,107,50,201,104,
"car_ims/004658.jpg",58,47,24,1003,544,
"car_ims/004659.jpg",58,45,81,574,389,
"car_ims/004662.jpg",58,35,119,612,362,
"car_ims/004663.jpg",58,1,74,65,119,
"car_ims/004666.jpg",58,32,110,712,397,
"car_ims/004667.jpg",58,511,89,694,434,
"car_ims/004668.jpg",58,2,181,165,292,
"car_ims/004671.jpg",58,26,86,600,420,
"car_ims/004674.jpg",58,2,101,243,235,
"car_ims/004675.jpg",58,528,104,549,119,
"car_ims/004676.jpg",58,68,74,604,408,
"car_ims/004677.jpg",58,42,315,916,643,
"car_ims/004679.jpg",58,14,60,623,395,
"car_ims/004680.jpg",58,559,301,919,504,
"car_ims/004681.jpg",58,25,59,628,426,
"car_ims/004682.jpg",58,203,133,625,355,
"car_ims/004685.jpg",58,104,122,596,373,
"car_ims/004686.jpg",58,213,473,2103,1699,
"car_ims/004688.jpg",58,58,458,568,802,
"car_ims/004689.jpg",58,0,19,642,233,
"car_ims/004690.jpg",58,14,419,334,622,
"car_ims/004691.jpg",58,66,143,589,403,
"car_ims/004693.jpg",58,28,173,604,397,
"car_ims/004694.jpg",58,535,101,640,215,
"car_ims/004697.jpg",58,535,210,638,294,
"car_ims/004698.jpg",58,496,80,636,177,
"car_ims/004699.jpg",58,418,168,575,215,
"car_ims/004700.jpg",58,34,88,621,418,
"car_ims/004702.jpg",58,147,98,475,381,
"car_ims/004705.jpg",58,113,325,2067,1151,
"car_ims/004707.jpg",58,77,146,957,633,
"car_ims/004710.jpg",58,11,46,630,436,
"car_ims/004711.jpg",58,68,102,993,712,
"car_ims/004713.jpg",58,79,47,933,708,
"car_ims/004714.jpg",58,8,119,199,161,
"car_ims/004715.jpg",58,90,117,186,169,
"car_ims/004716.jpg",58,65,65,607,363,
"car_ims/004717.jpg",58,17,85,618,457,
"car_ims/004718.jpg",58,57,67,606,395,
"car_ims/004719.jpg",58,2,352,133,484,
"car_ims/004721.jpg",59,49,55,505,353,
"car_ims/004722.jpg",59,108,145,526,321,
"car_ims/004726.jpg",59,159,389,1951,983,
"car_ims/004730.jpg",59,33,43,269,193,
"car_ims/004731.jpg",59,19,77,289,187,
"car_ims/004735.jpg",59,31,68,574,380,
"car_ims/004737.jpg",59,95,168,682,371,
"car_ims/004739.jpg",59,20,138,494,328,
"car_ims/004742.jpg",59,81,122,440,335,
"car_ims/004745.jpg",59,31,84,368,196,
"car_ims/004746.jpg",59,24,72,472,271,
"car_ims/004747.jpg",59,98,232,841,575,
"car_ims/004748.jpg",59,64,105,362,238,
"car_ims/004749.jpg",59,48,123,550,266,
"car_ims/004750.jpg",59,54,83,509,335,
"car_ims/004754.jpg",59,36,68,469,221,
"car_ims/004755.jpg",59,247,60,293,95,
"car_ims/004756.jpg",59,27,67,451,296,
"car_ims/004757.jpg",59,15,131,479,320,
"car_ims/004758.jpg",59,51,87,484,293,
"car_ims/004759.jpg",59,142,67,450,230,
"car_ims/004760.jpg",59,15,31,283,158,
"car_ims/004762.jpg",59,33,141,616,348,
"car_ims/004767.jpg",59,10,85,630,440,
"car_ims/004773.jpg",59,72,97,393,276,
"car_ims/004774.jpg",59,19,49,214,138,
"car_ims/004777.jpg",59,68,87,551,234,
"car_ims/004781.jpg",59,23,61,534,307,
"car_ims/004782.jpg",59,199,141,473,289,
"car_ims/004783.jpg",59,41,87,491,274,
"car_ims/004784.jpg",59,261,368,1196,737,
"car_ims/004786.jpg",59,335,265,777,510,
"car_ims/004787.jpg",59,67,50,429,231,
"car_ims/004789.jpg",59,391,340,1689,1278,
"car_ims/004793.jpg",59,51,113,594,300,
"car_ims/004794.jpg",59,65,195,753,443,
"car_ims/004795.jpg",59,51,51,250,127,
"car_ims/004796.jpg",59,299,16,350,106,
"car_ims/004800.jpg",59,50,152,326,283,
"car_ims/004801.jpg",59,53,50,255,172,
"car_ims/004802.jpg",59,22,61,54,72,
"car_ims/004805.jpg",59,34,108,558,381,
"car_ims/004806.jpg",59,55,245,1525,1069,
"car_ims/004807.jpg",59,110,232,986,675,
"car_ims/004808.jpg",59,1,108,40,132,
"car_ims/004810.jpg",60,24,14,472,312,
"car_ims/004811.jpg",60,47,8,418,286,
"car_ims/004812.jpg",60,15,41,243,149,
"car_ims/004814.jpg",60,102,167,518,326,
"car_ims/004817.jpg",60,12,84,409,294,
"car_ims/004820.jpg",60,40,208,1008,588,
"car_ims/004821.jpg",60,31,30,290,145,
"car_ims/004822.jpg",60,0,81,60,118,
"car_ims/004824.jpg",60,19,26,253,165,
"car_ims/004826.jpg",60,3,60,395,240,
"car_ims/004827.jpg",60,39,44,428,199,
"car_ims/004832.jpg",60,25,102,456,290,
"car_ims/004833.jpg",60,41,61,522,252,
"car_ims/004835.jpg",60,70,120,458,325,
"car_ims/004840.jpg",60,6,217,1277,723,
"car_ims/004842.jpg",60,25,35,214,132,
"car_ims/004843.jpg",60,2,83,496,295,
"car_ims/004844.jpg",60,101,67,892,562,
"car_ims/004846.jpg",60,84,173,930,533,
"car_ims/004848.jpg",60,20,39,236,157,
"car_ims/004850.jpg",60,33,44,247,161,
"car_ims/004852.jpg",60,18,46,258,142,
"car_ims/004855.jpg",60,239,58,258,73,
"car_ims/004857.jpg",60,68,69,460,239,
"car_ims/004858.jpg",60,34,3,800,541,
"car_ims/004861.jpg",60,547,155,639,270,
"car_ims/004870.jpg",60,48,59,468,329,
"car_ims/004871.jpg",60,32,55,234,168,
"car_ims/004874.jpg",60,43,92,475,341,
"car_ims/004875.jpg",60,11,12,443,213,
"car_ims/004876.jpg",60,31,74,237,148,
"car_ims/004878.jpg",60,64,186,741,437,
"car_ims/004879.jpg",60,113,48,569,221,
"car_ims/004881.jpg",60,17,150,498,322,
"car_ims/004883.jpg",61,90,112,609,365,
"car_ims/004884.jpg",61,53,192,215,284,
"car_ims/004885.jpg",61,158,74,532,429,
"car_ims/004886.jpg",61,16,61,624,398,
"car_ims/004887.jpg",61,56,160,469,335,
"car_ims/004888.jpg",61,30,117,439,313,
"car_ims/004890.jpg",61,22,102,618,378,
"car_ims/004891.jpg",61,27,114,562,285,
"car_ims/004892.jpg",61,18,162,1004,752,
"car_ims/004894.jpg",61,5,170,621,366,
"car_ims/004895.jpg",61,39,78,586,387,
"car_ims/004896.jpg",61,31,120,454,318,
"car_ims/004899.jpg",61,11,71,413,278,
"car_ims/004900.jpg",61,101,409,2758,1701,
"car_ims/004901.jpg",61,76,177,564,429,
"car_ims/004903.jpg",61,216,96,1705,998,
"car_ims/004904.jpg",61,27,117,614,422,
"car_ims/004908.jpg",61,9,75,627,428,
"car_ims/004909.jpg",61,24,59,535,232,
"car_ims/004910.jpg",61,27,190,615,383,
"car_ims/004911.jpg",61,56,66,791,444,
"car_ims/004913.jpg",61,37,70,618,394,
"car_ims/004914.jpg",61,163,236,1369,990,
"car_ims/004915.jpg",61,28,155,582,393,
"car_ims/004918.jpg",61,31,123,592,405,
"car_ims/004921.jpg",61,66,140,605,370,
"car_ims/004924.jpg",61,32,116,615,383,
"car_ims/004932.jpg",61,77,37,1024,711,
"car_ims/004934.jpg",61,70,56,533,417,
"car_ims/004935.jpg",61,57,223,725,468,
"car_ims/004936.jpg",61,89,65,446,252,
"car_ims/004937.jpg",61,1,166,635,393,
"car_ims/004938.jpg",61,22,137,627,403,
"car_ims/004942.jpg",61,10,11,1000,435,
"car_ims/004944.jpg",61,103,51,553,224,
"car_ims/004945.jpg",61,120,9,220,78,
"car_ims/004946.jpg",61,25,216,620,401,
"car_ims/004947.jpg",61,30,213,661,415,
"car_ims/004948.jpg",61,40,81,455,291,
"car_ims/004951.jpg",61,71,116,552,351,
"car_ims/004952.jpg",61,67,96,478,270,
"car_ims/004953.jpg",61,74,184,662,397,
"car_ims/004955.jpg",61,21,65,566,316,
"car_ims/004959.jpg",61,53,77,440,308,
"car_ims/004961.jpg",61,42,116,579,344,
"car_ims/004962.jpg",61,49,63,1515,1153,
"car_ims/004963.jpg",61,28,105,460,250,
"car_ims/004966.jpg",61,77,170,729,460,
"car_ims/004967.jpg",61,24,88,553,347,
"car_ims/004969.jpg",62,37,52,240,173,
"car_ims/004971.jpg",62,148,461,1941,1279,
"car_ims/004972.jpg",62,47,69,534,344,
"car_ims/004973.jpg",62,11,25,148,71,
"car_ims/004975.jpg",62,24,81,429,299,
"car_ims/004976.jpg",62,29,67,261,162,
"car_ims/004979.jpg",62,99,2,550,48,
"car_ims/004980.jpg",62,248,236,919,545,
"car_ims/004983.jpg",62,48,61,398,198,
"car_ims/004984.jpg",62,6,60,418,210,
"car_ims/004986.jpg",62,255,60,286,125,
"car_ims/004987.jpg",62,39,97,261,178,
"car_ims/004990.jpg",62,25,105,439,265,
"car_ims/004994.jpg",62,83,68,178,111,
"car_ims/004995.jpg",62,111,41,523,291,
"car_ims/004996.jpg",62,38,59,476,345,
"car_ims/004997.jpg",62,29,87,578,305,
"car_ims/004998.jpg",62,14,21,410,258,
"car_ims/004999.jpg",62,9,86,280,193,
"car_ims/005000.jpg",62,170,398,1938,1229,
"car_ims/005001.jpg",62,20,175,126,482,
"car_ims/005002.jpg",62,7,41,259,135,
"car_ims/005003.jpg",62,15,75,423,235,
"car_ims/005004.jpg",62,53,76,454,283,
"car_ims/005008.jpg",62,15,71,571,347,
"car_ims/005010.jpg",62,209,61,249,95,
"car_ims/005012.jpg",62,97,87,427,277,
"car_ims/005015.jpg",62,49,127,443,288,
"car_ims/005019.jpg",62,33,121,611,366,
"car_ims/005022.jpg",62,85,93,1191,713,
"car_ims/005023.jpg",62,20,32,467,271,
"car_ims/005024.jpg",62,344,101,373,141,
"car_ims/005025.jpg",62,16,25,498,275,
"car_ims/005032.jpg",62,13,55,250,178,
"car_ims/005033.jpg",62,12,14,201,116,
"car_ims/005034.jpg",62,27,31,176,117,
"car_ims/005035.jpg",62,12,17,135,80,
"car_ims/005036.jpg",62,55,141,607,359,
"car_ims/005037.jpg",62,91,136,593,442,
"car_ims/005039.jpg",62,32,27,293,202,
"car_ims/005040.jpg",62,52,67,554,327,
"car_ims/005042.jpg",63,110,166,899,591,
"car_ims/005043.jpg",63,117,62,808,488,
"car_ims/005044.jpg",63,109,53,721,327,
"car_ims/005045.jpg",63,216,123,789,562,
"car_ims/005047.jpg",63,65,146,979,646,
"car_ims/005048.jpg",63,38,127,1000,733,
"car_ims/005054.jpg",63,539,39,853,791,
"car_ims/005055.jpg",63,236,169,823,407,
"car_ims/005056.jpg",63,199,370,1025,656,
"car_ims/005057.jpg",63,598,181,998,364,
"car_ims/005059.jpg",63,33,148,974,657,
"car_ims/005060.jpg",63,89,40,346,161,
"car_ims/005061.jpg",63,159,201,550,373,
"car_ims/005066.jpg",63,92,1064,1143,1639,
"car_ims/005068.jpg",63,85,296,937,714,
"car_ims/005074.jpg",63,101,147,1189,762,
"car_ims/003338.jpg",42,325,190,1627,997,0
"car_ims/003712.jpg",46,26,87,409,233,1
"car_ims/004819.jpg",60,40,27,391,205,0
"car_ims/006398.jpg",79,211,500,1721,1060,1
"car_ims/000003.jpg",1,17,12,270,178,
"car_ims/000004.jpg",1,33,52,191,144,
"car_ims/000008.jpg",1,1,11,113,82,
"car_ims/000010.jpg",1,17,21,143,107,
"car_ims/000011.jpg",1,2,9,91,65,
"car_ims/000013.jpg",1,58,11,294,170,
"car_ims/000016.jpg",1,7,21,115,76,
"car_ims/000017.jpg",1,3,4,156,84,
"car_ims/000025.jpg",1,65,74,583,395,
"car_ims/000026.jpg",1,32,23,478,312,
"car_ims/000029.jpg",1,35,68,324,197,
"car_ims/000030.jpg",1,4,13,92,58,
"car_ims/000031.jpg",1,122,650,1905,1408,
"car_ims/000032.jpg",1,11,54,377,283,
"car_ims/000033.jpg",1,49,84,569,423,
"car_ims/000034.jpg",1,21,480,1538,1189,
"car_ims/000035.jpg",1,17,19,327,186,
"car_ims/000036.jpg",1,36,221,2006,1254,
"car_ims/000041.jpg",1,175,225,903,655,
"car_ims/000042.jpg",1,15,20,488,362,
"car_ims/000044.jpg",1,0,11,96,90,
"car_ims/000045.jpg",1,7,7,92,65,
"car_ims/000046.jpg",1,14,19,257,160,
"car_ims/000047.jpg",1,6,13,92,59,
"car_ims/000048.jpg",1,115,57,355,194,
"car_ims/000049.jpg",1,21,32,471,270,
"car_ims/000052.jpg",1,0,56,800,534,
"car_ims/000053.jpg",1,110,100,576,397,
"car_ims/000059.jpg",1,5,6,101,78,
"car_ims/000061.jpg",1,30,15,273,162,
"car_ims/000062.jpg",1,6,14,147,104,
"car_ims/000063.jpg",1,8,15,132,79,
"car_ims/000065.jpg",1,407,150,444,185,
"car_ims/000067.jpg",1,2,8,640,471,
"car_ims/000068.jpg",1,18,27,135,94,
"car_ims/000069.jpg",1,30,142,732,395,
"car_ims/000070.jpg",1,32,20,224,113,
"car_ims/000071.jpg",1,13,26,241,129,
"car_ims/000073.jpg",1,130,194,903,634,
"car_ims/000079.jpg",1,33,90,652,420,
"car_ims/000080.jpg",1,9,17,157,115,
"car_ims/000084.jpg",1,45,68,351,227,
"car_ims/000085.jpg",1,9,6,112,77,
"car_ims/000086.jpg",1,16,68,795,479,
"car_ims/000088.jpg",1,0,14,160,111,
"car_ims/000090.jpg",2,450,453,1791,1118,
"car_ims/000093.jpg",2,9,32,439,198,
"car_ims/000094.jpg",2,161,106,878,437,
"car_ims/000099.jpg",2,9,256,769,523,
"car_ims/000100.jpg",2,28,18,414,209,
"car_ims/000107.jpg",2,68,173,611,420,
"car_ims/000112.jpg",2,39,0,735,495,
"car_ims/000113.jpg",2,12,34,240,122,
"car_ims/000114.jpg",2,22,68,438,261,
"car_ims/000116.jpg",2,74,170,667,394,
"car_ims/000117.jpg",2,102,59,455,316,
"car_ims/000119.jpg",2,20,23,439,288,
"car_ims/000120.jpg",2,44,92,410,237,
"car_ims/000121.jpg",2,19,142,589,360,
"car_ims/000123.jpg",2,88,52,736,314,
"car_ims/000125.jpg",2,26,52,588,394,
"car_ims/000127.jpg",2,97,15,874,322,
"car_ims/000129.jpg",2,0,34,37,109,
"car_ims/000132.jpg",2,59,115,644,449,
"car_ims/000134.jpg",2,7,106,297,199,
"car_ims/000135.jpg",2,28,100,558,342,
"car_ims/000136.jpg",2,29,58,265,174,
"car_ims/000137.jpg",2,19,100,529,293,
"car_ims/000138.jpg",2,74,84,511,298,
"car_ims/000142.jpg",2,57,91,458,242,
"car_ims/000143.jpg",2,132,43,853,612,
"car_ims/000144.jpg",2,20,89,692,411,
"car_ims/000145.jpg",2,25,170,573,409,
"car_ims/000146.jpg",2,28,32,387,211,
"car_ims/000147.jpg",2,243,498,1337,953,
"car_ims/000150.jpg",2,19,93,467,263,
"car_ims/000151.jpg",2,37,34,280,185,
"car_ims/000152.jpg",2,88,243,714,466,
"car_ims/000153.jpg",2,29,41,620,337,
"car_ims/000154.jpg",3,32,75,266,165,
"car_ims/000156.jpg",3,16,36,243,145,
"car_ims/000157.jpg",3,21,100,608,366,
"car_ims/000158.jpg",3,72,140,841,571,
"car_ims/000159.jpg",3,63,237,862,564,
"car_ims/000160.jpg",3,151,132,469,413,
"car_ims/000161.jpg",3,18,98,459,293,
"car_ims/000162.jpg",3,53,111,588,340,
"car_ims/000163.jpg",3,137,132,526,325,
"car_ims/000166.jpg",3,52,41,506,229,
"car_ims/000167.jpg",3,84,101,681,410,
"car_ims/000168.jpg",3,41,81,576,335,
"car_ims/000169.jpg",3,48,61,261,140,
"car_ims/000171.jpg",3,56,99,557,314,
"car_ims/000174.jpg",3,9,83,248,180,
"car_ims/000175.jpg",3,49,154,596,365,
"car_ims/000176.jpg",3,22,59,467,283,
"car_ims/000177.jpg",3,170,176,779,544,
"car_ims/000178.jpg",3,162,207,1052,622,
"car_ims/000179.jpg",3,50,29,428,307,
"car_ims/000182.jpg",3,226,450,1761,1055,
"car_ims/000185.jpg",3,29,37,295,179,
"car_ims/000186.jpg",3,88,91,521,317,
"car_ims/000188.jpg",3,23,103,376,227,
"car_ims/000191.jpg",3,69,206,596,459,
"car_ims/000192.jpg",3,279,296,1396,975,
"car_ims/000193.jpg",3,36,25,451,360,
"car_ims/000195.jpg",3,16,68,487,298,
"car_ims/000198.jpg",3,7,111,382,252,
"car_ims/000199.jpg",3,53,66,203,173,
"car_ims/000200.jpg",3,29,81,358,273,
"car_ims/000203.jpg",3,146,28,1949,1124,
"car_ims/000204.jpg",3,15,23,744,355,
"car_ims/000206.jpg",3,15,68,282,195,
"car_ims/000208.jpg",3,80,46,415,292,
"car_ims/000209.jpg",3,36,172,577,445,
"car_ims/000211.jpg",3,23,61,598,350,
"car_ims/000212.jpg",3,124,41,712,425,
"car_ims/000214.jpg",3,36,70,547,280,
"car_ims/000215.jpg",3,42,75,581,339,
"car_ims/000216.jpg",3,54,58,245,183,
"car_ims/000217.jpg",3,3,56,86,96,
"car_ims/000219.jpg",3,164,155,791,474,
"car_ims/000222.jpg",3,33,19,267,184,
"car_ims/000224.jpg",3,54,54,246,192,
"car_ims/000225.jpg",3,60,29,543,305,
"car_ims/000226.jpg",3,165,51,790,310,
"car_ims/000228.jpg",3,69,42,476,326,
"car_ims/000230.jpg",3,76,77,533,365,
"car_ims/000233.jpg",3,20,168,562,382,
"car_ims/000235.jpg",3,18,95,287,194,
"car_ims/000236.jpg",3,14,113,632,374,
"car_ims/000237.jpg",3,28,22,696,276,
"car_ims/000238.jpg",3,185,207,847,549,
"car_ims/000239.jpg",3,9,28,247,166,
"car_ims/000241.jpg",4,37,347,992,683,
"car_ims/000244.jpg",4,69,141,943,543,
"car_ims/000245.jpg",4,53,81,789,505,
"car_ims/000247.jpg",4,69,221,990,646,
"car_ims/000250.jpg",4,51,75,580,368,
"car_ims/000251.jpg",4,25,74,485,256,
"car_ims/000254.jpg",4,51,64,603,429,
"car_ims/000255.jpg",4,7,50,484,286,
"car_ims/000257.jpg",4,26,151,617,349,
"car_ims/000258.jpg",4,15,99,487,247,
"car_ims/000259.jpg",4,84,137,1194,685,
"car_ims/000260.jpg",4,25,93,403,261,
"car_ims/000261.jpg",4,32,451,1232,915,
"car_ims/000267.jpg",4,79,154,594,416,
"car_ims/000269.jpg",4,191,492,1459,966,
"car_ims/000270.jpg",4,42,34,466,279,
"car_ims/000271.jpg",4,41,183,612,382,
"car_ims/000273.jpg",4,5,39,627,350,
"car_ims/000275.jpg",4,50,169,587,383,
"car_ims/000276.jpg",4,10,66,618,469,
"car_ims/000279.jpg",4,67,81,547,370,
"car_ims/000280.jpg",4,57,108,433,324,
"car_ims/000281.jpg",4,66,89,535,409,
"car_ims/000283.jpg",4,21,27,781,317,
"car_ims/000284.jpg",4,22,6,785,386,
"car_ims/000285.jpg",4,29,122,569,332,
"car_ims/000287.jpg",4,41,121,549,371,
"car_ims/000288.jpg",4,36,21,598,392,
"car_ims/000289.jpg",4,11,37,442,263,
"car_ims/000290.jpg",4,20,28,620,419,
"car_ims/000292.jpg",4,34,60,410,289,
"car_ims/000293.jpg",4,40,27,468,208,
"car_ims/000294.jpg",4,22,41,611,320,
"car_ims/000297.jpg",4,51,263,1004,597,
"car_ims/000298.jpg",4,63,271,977,687,
"car_ims/000300.jpg",4,90,166,1146,689,
"car_ims/000301.jpg",4,21,65,480,311,
"car_ims/000302.jpg",4,561,543,2728,1718,
"car_ims/000303.jpg",4,19,192,986,679,
"car_ims/000304.jpg",4,70,108,709,443,
"car_ims/000305.jpg",4,60,186,942,613,
"car_ims/000307.jpg",4,179,185,1310,768,
"car_ims/000309.jpg",4,23,156,626,398,
"car_ims/000310.jpg",4,33,78,606,366,
"car_ims/000311.jpg",4,165,335,1775,1011,
"car_ims/000314.jpg",4,8,87,459,314,
"car_ims/000316.jpg",4,34,137,1759,860,
"car_ims/000317.jpg",4,3,29,204,99,
"car_ims/000318.jpg",4,39,91,458,269,
"car_ims/000320.jpg",4,20,126,435,270,
"car_ims/000321.jpg",4,58,115,429,259,
"car_ims/000322.jpg",4,57,118,463,345,
"car_ims/000323.jpg",4,40,122,457,355,
"car_ims/000325.jpg",5,31,54,278,189,
"car_ims/000326.jpg",5,112,92,516,331,
"car_ims/000327.jpg",5,124,226,884,544,
"car_ims/000328.jpg",5,10,38,292,173,
"car_ims/000331.jpg",5,35,122,400,243,
"car_ims/000333.jpg",5,55,36,220,145,
"car_ims/000336.jpg",5,29,8,270,127,
"car_ims/000338.jpg",5,191,406,1705,1057,
"car_ims/000339.jpg",5,151,134,665,427,
"car_ims/000340.jpg",5,41,92,450,324,
"car_ims/000344.jpg",5,41,62,245,183,
"car_ims/000345.jpg",5,134,518,2435,1636,
"car_ims/000346.jpg",5,32,68,404,282,
"car_ims/000347.jpg",5,23,7,238,171,
"car_ims/000348.jpg",5,53,35,245,169,
"car_ims/000352.jpg",5,13,63,245,136,
"car_ims/000356.jpg",5,26,41,239,170,
"car_ims/000359.jpg",5,124,85,592,407,
"car_ims/000360.jpg",5,40,34,372,169,
"car_ims/000363.jpg",5,12,11,259,156,
"car_ims/000365.jpg",5,14,29,285,174,
"car_ims/000366.jpg",5,297,136,1291,843,
"car_ims/000367.jpg",5,41,44,277,148,
"car_ims/000369.jpg",5,69,78,837,559,
"car_ims/000370.jpg",5,16,30,285,167,
"car_ims/000371.jpg",5,38,79,371,277,
"car_ims/000372.jpg",5,60,212,583,399,
"car_ims/000377.jpg",5,107,85,687,427,
"car_ims/000379.jpg",5,36,45,241,143,
"car_ims/000380.jpg",5,23,17,234,159,
"car_ims/000383.jpg",5,7,45,251,162,
"car_ims/000384.jpg",5,24,14,246,149,
"car_ims/000385.jpg",5,349,275,1151,773,
"car_ims/000389.jpg",5,41,68,336,192,
"car_ims/000391.jpg",5,76,582,1500,1046,
"car_ims/000393.jpg",5,20,21,392,285,
"car_ims/000395.jpg",5,7,10,205,126,
"car_ims/000396.jpg",5,31,223,699,446,
"car_ims/000397.jpg",5,55,74,596,352,
"car_ims/000402.jpg",5,84,182,961,553,
"car_ims/000405.jpg",6,186,51,425,230,
"car_ims/000406.jpg",6,90,128,515,356,
"car_ims/000409.jpg",6,37,109,547,305,
"car_ims/000412.jpg",6,14,185,730,491,
"car_ims/000413.jpg",6,150,74,483,232,
"car_ims/000414.jpg",6,19,155,470,357,
"car_ims/000416.jpg",6,7,69,626,369,
"car_ims/000417.jpg",6,32,76,732,384,
"car_ims/000418.jpg",6,93,180,570,405,
"car_ims/000420.jpg",6,56,67,556,293,
"car_ims/000421.jpg",6,64,75,573,379,
"car_ims/000422.jpg",6,0,65,561,293,
"car_ims/000423.jpg",6,2,70,300,222,
"car_ims/000425.jpg",6,96,18,597,400,
"car_ims/000426.jpg",6,231,100,416,212,
"car_ims/000429.jpg",6,32,20,748,458,
"car_ims/000431.jpg",6,142,122,1056,593,
"car_ims/000432.jpg",6,39,166,607,381,
"car_ims/000433.jpg",6,70,203,896,570,
"car_ims/000436.jpg",6,119,110,489,288,
"car_ims/000437.jpg",6,62,152,537,328,
"car_ims/000441.jpg",6,20,142,774,413,
"car_ims/000442.jpg",6,120,406,1010,721,
"car_ims/000443.jpg",6,102,125,916,457,
"car_ims/000446.jpg",6,58,85,553,288,
"car_ims/000450.jpg",6,130,66,731,331,
"car_ims/000451.jpg",6,38,175,553,406,
"car_ims/000452.jpg",6,56,76,556,439,
"car_ims/000453.jpg",6,33,26,623,322,
"car_ims/000454.jpg",6,21,116,508,325,
"car_ims/000458.jpg",6,95,233,625,417,
"car_ims/000459.jpg",6,59,237,749,487,
"car_ims/000461.jpg",6,28,76,766,417,
"car_ims/000462.jpg",6,49,225,503,608,
"car_ims/000463.jpg",6,90,186,720,415,
"car_ims/000464.jpg",6,298,445,1454,892,
"car_ims/000465.jpg",6,133,495,1362,1092,
"car_ims/000469.jpg",6,25,12,540,339,
"car_ims/000470.jpg",6,25,11,756,520,
"car_ims/000472.jpg",6,30,95,585,424,
"car_ims/000473.jpg",6,83,113,409,310,
"car_ims/000475.jpg",6,48,148,588,424,
"car_ims/000477.jpg",6,57,588,1246,940,
"car_ims/000479.jpg",6,180,202,633,426,
"car_ims/000481.jpg",6,42,125,994,675,
"car_ims/000482.jpg",6,101,271,841,575,
"car_ims/000484.jpg",6,124,81,374,246,
"car_ims/000486.jpg",6,39,27,780,614,
"car_ims/000487.jpg",6,33,31,542,295,
"car_ims/000488.jpg",6,68,167,1231,748,
"car_ims/000489.jpg",6,61,158,532,353,
"car_ims/000491.jpg",6,19,61,579,348,
"car_ims/000492.jpg",6,4,10,387,285,
"car_ims/000496.jpg",7,135,129,537,324,
"car_ims/000497.jpg",7,94,46,530,259,
"car_ims/000498.jpg",7,452,660,2077,1706,
"car_ims/000499.jpg",7,34,59,451,269,
"car_ims/000503.jpg",7,59,50,566,262,
"car_ims/000505.jpg",7,41,146,593,350,
"car_ims/000506.jpg",7,20,95,475,326,
"car_ims/000507.jpg",7,65,329,921,640,
"car_ims/000509.jpg",7,43,11,434,268,
"car_ims/000510.jpg",7,349,381,1111,730,
"car_ims/000511.jpg",7,93,64,409,291,
"car_ims/000514.jpg",7,79,166,535,391,
"car_ims/000516.jpg",7,73,142,589,459,
"car_ims/000517.jpg",7,89,39,539,289,
"car_ims/000519.jpg",7,45,129,594,353,
"car_ims/000521.jpg",7,43,40,565,293,
"car_ims/000524.jpg",7,57,112,462,274,
"car_ims/000525.jpg",7,70,100,640,442,
"car_ims/000526.jpg",7,56,95,442,334,
"car_ims/000528.jpg",7,67,147,443,414,
"car_ims/000529.jpg",7,23,58,331,254,
"car_ims/000532.jpg",7,11,27,780,420,
"car_ims/000534.jpg",7,88,53,507,355,
"car_ims/000535.jpg",7,68,103,587,379,
"car_ims/000536.jpg",7,85,414,1530,1099,
"car_ims/000539.jpg",7,19,65,425,268,
"car_ims/000540.jpg",7,15,93,630,366,
"car_ims/000541.jpg",7,21,91,382,220,
"car_ims/000543.jpg",7,157,166,811,426,
"car_ims/000544.jpg",7,19,42,622,349,
"car_ims/000546.jpg",7,157,437,1909,1065,
"car_ims/000549.jpg",7,107,180,475,330,
"car_ims/000550.jpg",7,64,91,540,299,
"car_ims/000553.jpg",7,81,256,547,421,
"car_ims/000554.jpg",7,80,147,1127,585,
"car_ims/000555.jpg",7,72,166,587,366,
"car_ims/000556.jpg",7,140,116,615,336,
"car_ims/000557.jpg",7,86,142,514,345,
"car_ims/000559.jpg",7,219,157,470,310,
"car_ims/000560.jpg",7,87,46,474,352,
"car_ims/000561.jpg",7,44,209,1003,566,
"car_ims/000563.jpg",7,196,273,1066,616,
"car_ims/000564.jpg",7,111,32,484,314,
"car_ims/000565.jpg",7,150,112,461,267,
"car_ims/000567.jpg",7,139,168,666,365,
"car_ims/000570.jpg",7,69,115,548,331,
"car_ims/000571.jpg",7,100,80,407,269,
"car_ims/000573.jpg",8,58,229,743,501,
"car_ims/000574.jpg",8,17,247,1417,906,
"car_ims/000578.jpg",8,17,26,329,205,
"car_ims/000579.jpg",8,23,103,438,246,
"car_ims/000580.jpg",8,13,53,232,139,
"car_ims/000582.jpg",8,24,143,467,289,
"car_ims/000583.jpg",8,83,117,945,625,
"car_ims/000585.jpg",8,435,410,1673,976,
"car_ims/000589.jpg",8,35,18,215,97,
"car_ims/000592.jpg",8,104,62,216,118,
"car_ims/000594.jpg",8,30,51,563,356,
"car_ims/000596.jpg",8,73,75,315,212,
"car_ims/000598.jpg",8,16,32,257,144,
"car_ims/000599.jpg",8,26,150,356,256,
"car_ims/000601.jpg",8,86,246,998,731,
"car_ims/000602.jpg",8,6,60,394,209,
"car_ims/000603.jpg",8,20,50,255,172,
"car_ims/000604.jpg",8,82,390,754,604,
"car_ims/000608.jpg",8,19,48,261,146,
"car_ims/000610.jpg",8,59,99,598,351,
"car_ims/000613.jpg",8,54,70,579,314,
"car_ims/000614.jpg",8,83,66,265,152,
"car_ims/000618.jpg",8,23,52,178,106,
"car_ims/000620.jpg",8,85,92,294,207,
"car_ims/000622.jpg",8,24,70,478,230,
"car_ims/000624.jpg",8,12,61,246,173,
"car_ims/000625.jpg",8,123,243,910,548,
"car_ims/000626.jpg",8,83,35,729,251,
"car_ims/000627.jpg",8,49,167,589,362,
"car_ims/000634.jpg",8,17,73,239,136,
"car_ims/000636.jpg",8,812,184,1129,341,
"car_ims/000637.jpg",8,1133,611,1181,653,
"car_ims/000641.jpg",8,26,227,454,346,
"car_ims/000642.jpg",8,14,31,280,150,
"car_ims/000645.jpg",8,53,56,600,362,
"car_ims/000646.jpg",8,16,31,252,149,
"car_ims/000653.jpg",8,87,110,614,364,
"car_ims/000654.jpg",8,30,138,391,312,
"car_ims/000655.jpg",8,29,112,311,332,
"car_ims/000658.jpg",8,32,90,556,304,
"car_ims/000659.jpg",8,9,80,248,175,
"car_ims/000660.jpg",8,24,57,254,160,
"car_ims/000661.jpg",8,34,88,562,338,
"car_ims/000663.jpg",9,30,83,613,262,
"car_ims/000667.jpg",9,11,37,280,139,
"car_ims/000675.jpg",9,60,144,1530,903,
"car_ims/000677.jpg",9,52,171,579,381,
"car_ims/000679.jpg",9,23,47,272,129,
"car_ims/000682.jpg",9,73,112,561,334,
"car_ims/000683.jpg",9,6,77,423,262,
"car_ims/000688.jpg",9,32,69,561,354,
"car_ims/000693.jpg",9,105,57,349,201,
"car_ims/000696.jpg",9,95,172,457,313,
"car_ims/000697.jpg",9,7,40,548,372,
"car_ims/000698.jpg",9,32,148,623,414,
"car_ims/000702.jpg",9,19,50,490,231,
"car_ims/000703.jpg",9,14,83,365,230,
"car_ims/000704.jpg",9,142,252,1153,715,
"car_ims/000707.jpg",9,342,456,1057,776,
"car_ims/000708.jpg",9,141,186,539,345,
"car_ims/000709.jpg",9,76,187,372,298,
"car_ims/000710.jpg",9,77,161,767,570,
"car_ims/000711.jpg",9,47,207,958,647,
"car_ims/000713.jpg",9,23,54,260,139,
"car_ims/000714.jpg",9,80,35,524,376,
"car_ims/000715.jpg",9,212,486,1105,838,
"car_ims/000716.jpg",9,23,94,292,176,
"car_ims/000718.jpg",9,55,47,205,164,
"car_ims/000721.jpg",9,52,60,354,236,
"car_ims/000722.jpg",9,297,201,921,497,
"car_ims/000723.jpg",9,46,192,766,463,
"car_ims/000724.jpg",9,99,67,556,309,
"car_ims/000726.jpg",9,10,7,293,137,
"car_ims/000728.jpg",9,32,105,721,417,
"car_ims/000729.jpg",9,99,127,327,246,
"car_ims/000730.jpg",9,64,179,745,426,
"car_ims/000731.jpg",9,18,13,262,113,
"car_ims/000734.jpg",9,8,50,292,164,
"car_ims/000738.jpg",9,48,196,839,514,
"car_ims/000740.jpg",9,39,76,282,193,
"car_ims/000741.jpg",9,264,393,1166,675,
"car_ims/000743.jpg",9,156,137,674,399,
"car_ims/000746.jpg",10,30,115,645,407,
"car_ims/000751.jpg",10,41,118,562,307,
"car_ims/000757.jpg",10,246,826,3040,2275,
"car_ims/000759.jpg",10,10,111,619,406,
"car_ims/000760.jpg",10,309,187,659,402,
"car_ims/000761.jpg",10,7,56,610,353,
"car_ims/000763.jpg",10,75,71,506,289,
"car_ims/000766.jpg",10,197,112,512,336,
"car_ims/000767.jpg",10,93,117,613,399,
"car_ims/000768.jpg",10,37,41,527,236,
"car_ims/000771.jpg",10,46,235,558,419,
"car_ims/000773.jpg",10,36,112,572,264,
"car_ims/000776.jpg",10,87,95,411,263,
"car_ims/000778.jpg",10,56,222,876,548,
"car_ims/000779.jpg",10,47,127,438,277,
"car_ims/000780.jpg",10,77,51,586,394,
"car_ims/000781.jpg",10,83,277,761,554,
"car_ims/000782.jpg",10,75,230,438,332,
"car_ims/000785.jpg",10,12,14,485,139,
"car_ims/000786.jpg",10,36,20,510,355,
"car_ims/000787.jpg",10,81,507,1972,1180,
"car_ims/000788.jpg",10,82,220,1216,696,
"car_ims/000789.jpg",10,41,108,609,366,
"car_ims/000790.jpg",10,206,157,635,456,
"car_ims/000792.jpg",10,37,30,410,324,
"car_ims/000794.jpg",10,40,81,251,227,
"car_ims/000795.jpg",10,38,78,545,316,
"car_ims/000796.jpg",10,9,40,892,573,
"car_ims/000797.jpg",10,18,151,562,376,
"car_ims/000798.jpg",10,219,219,824,552,
"car_ims/000799.jpg",10,266,353,1006,602,
"car_ims/000801.jpg",10,49,38,1101,661,
"car_ims/000802.jpg",10,33,159,857,536,
"car_ims/000804.jpg",10,49,49,605,343,
"car_ims/000805.jpg",10,33,30,438,250,
"car_ims/000806.jpg",10,0,29,131,97,
"car_ims/000809.jpg",10,80,332,962,691,
"car_ims/000810.jpg",11,274,154,781,352,
"car_ims/000811.jpg",11,240,95,510,195,
"car_ims/000813.jpg",11,21,60,581,278,
"car_ims/000814.jpg",11,52,134,537,382,
"car_ims/000818.jpg",11,60,183,540,399,
"car_ims/000819.jpg",11,209,532,974,788,
"car_ims/000820.jpg",11,53,85,580,367,
"car_ims/000821.jpg",11,89,202,453,347,
"car_ims/000822.jpg",11,94,47,483,202,
"car_ims/000824.jpg",11,50,125,571,313,
"car_ims/000828.jpg",11,45,156,560,353,
"car_ims/000830.jpg",11,47,117,995,513,
"car_ims/000831.jpg",11,26,112,1324,888,
"car_ims/000832.jpg",11,90,106,486,243,
"car_ims/000834.jpg",11,172,138,487,290,
"car_ims/000835.jpg",11,121,228,552,419,
"car_ims/000836.jpg",11,99,89,1160,744,
"car_ims/000837.jpg",11,124,175,456,383,
"car_ims/000838.jpg",11,38,201,985,577,
"car_ims/000839.jpg",11,12,85,562,300,
"car_ims/000840.jpg",11,87,138,705,449,
"car_ims/000841.jpg",11,102,174,961,425,
"car_ims/000845.jpg",11,305,256,1224,588,
"car_ims/000847.jpg",11,589,341,1544,658,
"car_ims/000848.jpg",11,378,373,1080,702,
"car_ims/000850.jpg",11,780,281,1116,448,
"car_ims/000851.jpg",11,161,0,458,425,
"car_ims/000853.jpg",11,200,94,958,514,
"car_ims/000854.jpg",11,85,363,1187,674,
"car_ims/000858.jpg",11,191,127,495,252,
"car_ims/000861.jpg",11,43,57,567,346,
"car_ims/000862.jpg",11,93,306,1268,770,
"car_ims/000863.jpg",11,26,157,619,344,
"car_ims/000864.jpg",11,43,125,558,325,
"car_ims/000868.jpg",11,35,107,473,307,
"car_ims/000869.jpg",11,65,133,548,306,
"car_ims/000872.jpg",11,52,169,539,358,
"car_ims/000873.jpg",11,141,182,827,539,
"car_ims/000875.jpg",11,112,207,1781,934,
"car_ims/000877.jpg",11,646,498,1463,931,
"car_ims/000878.jpg",11,106,123,479,235,
"car_ims/000882.jpg",11,62,53,640,285,
"car_ims/000884.jpg",11,75,153,554,290,
"car_ims/000885.jpg",11,119,270,1228,670,
"car_ims/000886.jpg",12,185,321,1434,942,
"car_ims/000888.jpg",12,31,188,622,418,
"car_ims/000890.jpg",12,300,175,1171,700,
"car_ims/000891.jpg",12,22,90,380,261,
"car_ims/000894.jpg",12,50,66,556,347,
"car_ims/000895.jpg",12,102,49,1139,636,
"car_ims/000896.jpg",12,63,378,970,642,
"car_ims/000897.jpg",12,5,43,393,232,
"car_ims/000900.jpg",12,28,53,470,225,
"car_ims/000904.jpg",12,40,60,328,278,
"car_ims/000908.jpg",12,87,122,1169,745,
"car_ims/000909.jpg",12,0,702,1190,1149,
"car_ims/000910.jpg",12,128,355,1480,1070,
"car_ims/000916.jpg",12,254,118,301,157,
"car_ims/000917.jpg",12,12,45,786,395,
"car_ims/000918.jpg",12,182,229,917,782,
"car_ims/000920.jpg",12,110,169,746,507,
"car_ims/000926.jpg",12,1183,501,1385,1047,
"car_ims/000927.jpg",12,254,528,1339,973,
"car_ims/000928.jpg",12,1000,508,1064,587,
"car_ims/000929.jpg",12,21,209,995,645,
"car_ims/000931.jpg",12,13,88,436,269,
"car_ims/000932.jpg",12,36,25,455,235,
"car_ims/000935.jpg",12,918,294,1083,422,
"car_ims/000936.jpg",12,57,140,435,326,
"car_ims/000937.jpg",12,69,100,403,295,
"car_ims/000938.jpg",12,92,198,1211,709,
"car_ims/000939.jpg",12,41,39,572,329,
"car_ims/000941.jpg",12,55,134,372,344,
"car_ims/000943.jpg",12,16,61,383,187,
"car_ims/000945.jpg",12,362,416,1620,1165,
"car_ims/000946.jpg",12,78,183,1196,689,
"car_ims/000947.jpg",12,245,77,293,116,
"car_ims/000950.jpg",12,83,137,438,324,
"car_ims/000951.jpg",12,66,121,543,314,
"car_ims/000952.jpg",12,358,314,1247,795,
"car_ims/000954.jpg",12,19,111,618,424,
"car_ims/000959.jpg",13,83,168,930,450,
"car_ims/000964.jpg",13,537,95,639,156,
"car_ims/000965.jpg",13,91,139,581,329,
"car_ims/000967.jpg",13,21,96,378,260,
"car_ims/000968.jpg",13,22,102,614,423,
"car_ims/000969.jpg",13,118,13,699,372,
"car_ims/000970.jpg",13,56,277,890,627,
"car_ims/000973.jpg",13,14,36,240,146,
"car_ims/000974.jpg",13,12,41,243,168,
"car_ims/000976.jpg",13,8,30,254,138,
"car_ims/000978.jpg",13,284,637,2355,1628,
"car_ims/000981.jpg",13,23,112,582,397,
"car_ims/000985.jpg",13,32,68,276,156,
"car_ims/000986.jpg",13,18,54,284,184,
"car_ims/000990.jpg",13,47,47,590,431,
"car_ims/000991.jpg",13,2,42,247,151,
"car_ims/000992.jpg",13,3,42,256,149,
"car_ims/000993.jpg",13,21,80,370,225,
"car_ims/000995.jpg",13,27,121,619,414,
"car_ims/000997.jpg",13,88,313,1410,918,
"car_ims/000999.jpg",13,17,63,240,170,
"car_ims/001002.jpg",13,52,94,729,424,
"car_ims/001003.jpg",13,17,68,369,212,
"car_ims/001005.jpg",13,12,81,415,267,
"car_ims/001006.jpg",13,26,60,282,189,
"car_ims/001009.jpg",13,10,33,290,173,
"car_ims/001011.jpg",13,161,110,688,396,
"car_ims/001012.jpg",13,52,61,605,369,
"car_ims/001014.jpg",13,19,52,287,173,
"car_ims/001015.jpg",13,64,99,592,400,
"car_ims/001016.jpg",13,37,166,737,462,
"car_ims/001018.jpg",13,144,405,1968,975,
"car_ims/001019.jpg",13,7,44,294,180,
"car_ims/001025.jpg",13,640,170,810,246,
"car_ims/001027.jpg",13,8,60,252,167,
"car_ims/001030.jpg",13,47,115,959,610,
"car_ims/001033.jpg",13,8,32,290,177,
"car_ims/001034.jpg",13,15,30,287,185,
"car_ims/001036.jpg",13,11,31,247,162,
"car_ims/001037.jpg",13,18,37,462,334,
"car_ims/001039.jpg",13,50,158,589,364,
"car_ims/001040.jpg",13,53,81,378,241,
"car_ims/001041.jpg",14,175,571,2990,1742,
"car_ims/001042.jpg",14,26,129,617,358,
"car_ims/001047.jpg",14,104,87,702,463,
"car_ims/001050.jpg",14,111,53,263,130,
"car_ims/001052.jpg",14,2,38,261,136,
"car_ims/001054.jpg",14,18,102,591,346,
"car_ims/001062.jpg",14,30,5,259,169,
"car_ims/001063.jpg",14,11,53,249,152,
"car_ims/001064.jpg",14,54,106,481,363,
"car_ims/001065.jpg",14,45,66,553,283,
"car_ims/001067.jpg",14,5,29,195,109,
"car_ims/001068.jpg",14,46,67,263,161,
"car_ims/001069.jpg",14,75,24,589,370,
"car_ims/001070.jpg",14,24,51,249,138,
"car_ims/001071.jpg",14,35,43,578,332,
"car_ims/001072.jpg",14,17,26,212,96,
"car_ims/001073.jpg",14,112,230,1397,863,
"car_ims/001074.jpg",14,41,41,224,150,
"car_ims/001075.jpg",14,45,55,235,154,
"car_ims/001079.jpg",14,17,35,187,113,
"car_ims/001080.jpg",14,39,120,565,371,
"car_ims/001081.jpg",14,181,184,1731,936,
"car_ims/001085.jpg",14,12,37,492,284,
"car_ims/001087.jpg",14,59,102,539,301,
"car_ims/001088.jpg",14,11,48,250,151,
"car_ims/001091.jpg",14,482,112,636,233,
"car_ims/001093.jpg",14,28,76,898,416,
"car_ims/001095.jpg",14,86,141,439,261,
"car_ims/001096.jpg",14,18,151,621,398,
"car_ims/001097.jpg",14,22,62,593,254,
"car_ims/001098.jpg",14,30,45,223,154,
"car_ims/001100.jpg",14,19,54,674,386,
"car_ims/001101.jpg",14,85,136,954,598,
"car_ims/001102.jpg",14,45,113,535,287,
"car_ims/001104.jpg",14,12,43,344,221,
"car_ims/001106.jpg",14,15,28,428,270,
"car_ims/001107.jpg",14,9,30,252,147,
"car_ims/001109.jpg",14,46,70,586,374,
"car_ims/001112.jpg",14,175,140,585,413,
"car_ims/001113.jpg",14,230,286,879,603,
"car_ims/001114.jpg",14,137,151,800,407,
"car_ims/001119.jpg",14,1310,267,1581,957,
"car_ims/001120.jpg",14,49,109,568,390,
"car_ims/001121.jpg",14,51,40,387,205,
"car_ims/001123.jpg",14,51,59,261,168,
"car_ims/001124.jpg",14,23,56,377,233,
"car_ims/001125.jpg",14,24,46,233,162,
"car_ims/001127.jpg",15,97,234,207,555,
"car_ims/001129.jpg",15,77,103,439,277,
"car_ims/001131.jpg",15,93,128,282,184,
"car_ims/001133.jpg",15,175,359,1108,823,
"car_ims/001135.jpg",15,14,99,423,224,
"car_ims/001136.jpg",15,24,12,340,138,
"car_ims/001137.jpg",15,53,105,966,607,
"car_ims/001140.jpg",15,9,56,459,243,
"car_ims/001141.jpg",15,51,140,570,330,
"car_ims/001146.jpg",15,51,91,529,302,
"car_ims/001147.jpg",15,89,119,316,214,
"car_ims/001150.jpg",15,37,82,765,468,
"car_ims/001152.jpg",15,49,203,966,614,
"car_ims/001153.jpg",15,167,99,505,331,
"car_ims/001155.jpg",15,32,122,266,190,
"car_ims/001156.jpg",15,55,147,1219,656,
"car_ims/001157.jpg",15,16,137,548,302,
"car_ims/001158.jpg",15,2,46,269,170,
"car_ims/001160.jpg",15,205,202,738,415,
"car_ims/001172.jpg",15,194,719,1404,1237,
"car_ims/001174.jpg",15,17,62,487,305,
"car_ims/001175.jpg",15,22,50,259,177,
"car_ims/001176.jpg",15,16,24,482,267,
"car_ims/001178.jpg",15,32,59,414,197,
"car_ims/001179.jpg",15,15,29,593,421,
"car_ims/001181.jpg",15,13,32,458,231,
"car_ims/001183.jpg",15,108,207,1811,899,
"car_ims/001184.jpg",15,138,225,1025,692,
"car_ims/001186.jpg",15,53,84,232,149,
"car_ims/001187.jpg",15,23,64,475,219,
"car_ims/001188.jpg",15,85,186,706,442,
"car_ims/001190.jpg",15,275,235,1560,1330,
"car_ims/001191.jpg",15,28,142,588,354,
"car_ims/001192.jpg",15,146,519,1441,1032,
"car_ims/001194.jpg",15,188,269,1503,1004,
"car_ims/001196.jpg",15,12,73,468,292,
"car_ims/001197.jpg",15,79,403,1149,728,
"car_ims/001201.jpg",15,64,126,740,432,
"car_ims/001203.jpg",15,89,109,354,277,
"car_ims/001206.jpg",15,16,57,294,143,
"car_ims/001207.jpg",15,41,257,973,532,
"car_ims/001208.jpg",15,138,118,942,553,
"car_ims/001211.jpg",15,14,94,602,262,
"car_ims/001212.jpg",16,17,30,376,235,
"car_ims/001214.jpg",16,19,166,602,334,
"car_ims/001218.jpg",16,97,131,662,381,
"car_ims/001220.jpg",16,19,177,676,385,
"car_ims/001223.jpg",16,29,76,258,173,
"car_ims/001226.jpg",16,29,64,279,196,
"car_ims/001227.jpg",16,1,7,472,204,
"car_ims/001234.jpg",16,16,30,290,188,
"car_ims/001236.jpg",16,22,47,66,67,
"car_ims/001238.jpg",16,32,96,571,377,
"car_ims/001239.jpg",16,30,21,477,307,
"car_ims/001240.jpg",16,23,52,249,128,
"car_ims/001243.jpg",16,9,105,570,296,
"car_ims/001244.jpg",16,31,92,446,252,
"car_ims/001247.jpg",16,1,54,178,217,
"car_ims/001248.jpg",16,40,33,237,133,
"car_ims/001249.jpg",16,4,36,255,160,
"car_ims/001250.jpg",16,38,22,160,146,
"car_ims/001251.jpg",16,266,42,300,183,
"car_ims/001255.jpg",16,65,154,608,513,
"car_ims/001256.jpg",16,16,98,265,185,
"car_ims/001259.jpg",16,15,14,259,166,
"car_ims/001260.jpg",16,71,58,576,424,
"car_ims/001263.jpg",16,57,129,518,275,
"car_ims/001264.jpg",16,3,148,85,259,
"car_ims/001266.jpg",16,53,130,543,323,
"car_ims/001271.jpg",16,74,204,986,641,
"car_ims/001272.jpg",16,8,96,711,319,
"car_ims/001277.jpg",16,29,150,986,589,
"car_ims/001278.jpg",16,72,407,1218,760,
"car_ims/001281.jpg",16,12,46,258,174,
"car_ims/001282.jpg",16,101,232,657,432,
"car_ims/001285.jpg",16,20,89,241,182,
"car_ims/001290.jpg",16,40,76,326,218,
"car_ims/001292.jpg",16,39,46,261,148,
"car_ims/001294.jpg",16,337,83,399,145,
"car_ims/001296.jpg",16,425,40,493,159,
"car_ims/001298.jpg",16,54,69,635,344,
"car_ims/001299.jpg",17,10,81,290,185,
"car_ims/001305.jpg",17,11,9,217,105,
"car_ims/001307.jpg",17,8,43,131,93,
"car_ims/001317.jpg",17,5,43,125,87,
"car_ims/001318.jpg",17,28,37,221,120,
"car_ims/001320.jpg",17,53,103,594,393,
"car_ims/001322.jpg",17,6,3,34,19,
"car_ims/001324.jpg",17,12,149,531,347,
"car_ims/001325.jpg",17,14,101,288,202,
"car_ims/001326.jpg",17,7,74,400,255,
"car_ims/001328.jpg",17,41,13,612,237,
"car_ims/001329.jpg",17,20,89,241,182,
"car_ims/001332.jpg",17,36,74,367,242,
"car_ims/001336.jpg",17,307,362,1332,887,
"car_ims/001338.jpg",17,29,1,39,17,
"car_ims/001340.jpg",17,1,3,177,105,
"car_ims/001341.jpg",17,32,27,583,247,
"car_ims/001345.jpg",17,6,11,329,142,
"car_ims/001346.jpg",17,47,51,209,171,
"car_ims/001348.jpg",17,61,186,942,589,
"car_ims/001350.jpg",17,46,154,743,470,
"car_ims/001351.jpg",17,7,28,254,161,
"car_ims/001354.jpg",17,12,39,247,176,
"car_ims/001355.jpg",17,31,37,791,317,
"car_ims/001359.jpg",17,11,25,525,304,
"car_ims/001361.jpg",17,3,42,61,70,
"car_ims/001367.jpg",17,58,57,219,156,
"car_ims/001368.jpg",17,1,30,49,67,
"car_ims/001374.jpg",17,62,101,317,293,
"car_ims/001376.jpg",17,6,63,238,136,
"car_ims/001380.jpg",18,3,16,110,99,
"car_ims/001384.jpg",18,10,51,192,107,
"car_ims/001387.jpg",18,38,84,325,195,
"car_ims/001388.jpg",18,28,35,581,204,
"car_ims/001391.jpg",18,6,8,93,74,
"car_ims/001394.jpg",18,3,6,221,91,
"car_ims/001395.jpg",18,11,62,294,205,
"car_ims/001398.jpg",18,44,50,579,222,
"car_ims/001399.jpg",18,41,85,566,422,
"car_ims/001400.jpg",18,5,33,153,95,
"car_ims/001407.jpg",18,89,87,531,377,
"car_ims/001408.jpg",18,26,109,263,196,
"car_ims/001411.jpg",18,56,61,290,206,
"car_ims/001414.jpg",18,19,92,554,302,
"car_ims/001415.jpg",18,10,26,206,94,
"car_ims/001419.jpg",18,36,367,1576,966,
"car_ims/001421.jpg",18,12,14,299,152,
"car_ims/001422.jpg",18,8,2,213,74,
"car_ims/001424.jpg",18,3,40,151,100,
"car_ims/001425.jpg",18,37,99,401,244,
"car_ims/001427.jpg",18,35,170,634,401,
"car_ims/001428.jpg",18,206,339,1784,1105,
"car_ims/001430.jpg",18,8,107,265,188,
"car_ims/001432.jpg",18,53,144,569,407,
"car_ims/001434.jpg",18,85,131,657,432,
"car_ims/001435.jpg",18,9,93,250,177,
"car_ims/001436.jpg",18,14,106,828,558,
"car_ims/001440.jpg",18,28,75,471,227,
"car_ims/001441.jpg",18,8,94,260,189,
"car_ims/001443.jpg",18,6,231,252,350,
"car_ims/001444.jpg",18,1013,59,1116,110,
"car_ims/001445.jpg",18,22,25,367,252,
"car_ims/001448.jpg",18,12,317,1479,829,
"car_ims/001449.jpg",18,56,253,1420,938,
"car_ims/001451.jpg",18,30,174,535,341,
"car_ims/001452.jpg",18,37,83,483,297,
"car_ims/001454.jpg",18,6,18,245,126,
"car_ims/001455.jpg",18,45,312,904,588,
"car_ims/001456.jpg",18,6,35,152,94,
"car_ims/001457.jpg",18,27,116,389,282,
"car_ims/001459.jpg",18,4,7,216,102,
"car_ims/001460.jpg",18,0,13,195,85,
"car_ims/001463.jpg",18,4,16,99,50,
"car_ims/001464.jpg",18,60,66,275,207,
"car_ims/001465.jpg",19,42,41,259,171,
"car_ims/001468.jpg",19,7,35,295,164,
"car_ims/001469.jpg",19,20,45,382,225,
"car_ims/001470.jpg",19,5,35,293,174,
"car_ims/001471.jpg",19,18,44,240,174,
"car_ims/001472.jpg",19,136,187,895,610,
"car_ims/001473.jpg",19,0,23,233,155,
"car_ims/001475.jpg",19,29,39,260,145,
"car_ims/001476.jpg",19,28,70,475,276,
"car_ims/001479.jpg",19,9,42,258,160,
"car_ims/001481.jpg",19,14,32,268,165,
"car_ims/001482.jpg",19,37,231,745,513,
"car_ims/001483.jpg",19,36,41,348,203,
"car_ims/001484.jpg",19,59,106,957,658,
"car_ims/001487.jpg",19,154,147,889,536,
"car_ims/001488.jpg",19,16,41,250,157,
"car_ims/001490.jpg",19,11,26,295,169,
"car_ims/001493.jpg",19,28,58,359,210,
"car_ims/001494.jpg",19,4,42,277,143,
"car_ims/001495.jpg",19,70,129,365,253,
"car_ims/001497.jpg",19,54,99,587,365,
"car_ims/001500.jpg",19,67,68,606,303,
"car_ims/001501.jpg",19,61,67,583,374,
"car_ims/001502.jpg",19,33,99,610,403,
"car_ims/001503.jpg",19,69,86,503,307,
"car_ims/001505.jpg",19,16,31,279,179,
"car_ims/001507.jpg",19,183,171,848,535,
"car_ims/001508.jpg",19,8,37,247,158,
"car_ims/001510.jpg",19,31,47,289,192,
"car_ims/001511.jpg",19,14,41,256,168,
"car_ims/001513.jpg",19,5,36,253,157,
"car_ims/001519.jpg",19,132,190,842,581,
"car_ims/001521.jpg",19,10,24,272,177,
"car_ims/001522.jpg",19,51,112,607,350,
"car_ims/001523.jpg",19,41,81,495,338,
"car_ims/001524.jpg",19,20,19,241,152,
"car_ims/001525.jpg",19,20,48,245,155,
"car_ims/001526.jpg",19,4,33,253,174,
"car_ims/001527.jpg",19,86,129,502,304,
"car_ims/001528.jpg",19,47,77,566,360,
"car_ims/001530.jpg",19,91,111,414,280,
"car_ims/001531.jpg",19,70,113,925,424,
"car_ims/001533.jpg",19,77,250,723,514,
"car_ims/001534.jpg",19,210,369,890,651,
"car_ims/001535.jpg",19,18,61,247,169,
"car_ims/001537.jpg",19,28,51,619,331,
"car_ims/001538.jpg",19,358,461,1438,1009,
"car_ims/001540.jpg",19,44,97,544,337,
"car_ims/001544.jpg",19,21,53,578,334,
"car_ims/001546.jpg",20,17,156,485,316,
"car_ims/001550.jpg",20,41,144,613,349,
"car_ims/001551.jpg",20,23,68,979,699,
"car_ims/001552.jpg",20,191,206,901,633,
"car_ims/001554.jpg",20,40,156,477,329,
"car_ims/001558.jpg",20,98,144,594,304,
"car_ims/001559.jpg",20,68,67,508,354,
"car_ims/001561.jpg",20,12,22,588,284,
"car_ims/001564.jpg",20,869,250,1002,301,
"car_ims/001565.jpg",20,55,89,656,350,
"car_ims/001566.jpg",20,37,179,237,247,
"car_ims/001567.jpg",20,172,540,1959,1249,
"car_ims/001570.jpg",20,20,87,335,213,
"car_ims/001571.jpg",20,13,30,406,231,
"car_ims/001572.jpg",20,95,35,680,259,
"car_ims/001574.jpg",20,11,38,580,325,
"car_ims/001577.jpg",20,26,113,617,364,
"car_ims/001579.jpg",20,35,26,465,314,
"car_ims/001581.jpg",20,204,20,1122,600,
"car_ims/001583.jpg",20,631,173,885,281,
"car_ims/001584.jpg",20,33,55,612,415,
"car_ims/001587.jpg",20,32,33,408,275,
"car_ims/001588.jpg",20,68,215,975,641,
"car_ims/001590.jpg",20,20,209,990,665,
"car_ims/001592.jpg",20,78,59,964,644,
"car_ims/001594.jpg",20,28,74,463,303,
"car_ims/001595.jpg",20,9,82,437,287,
"car_ims/001596.jpg",20,198,479,1476,1084,
"car_ims/001598.jpg",20,71,161,601,433,
"car_ims/001599.jpg",20,46,122,612,392,
"car_ims/001600.jpg",20,170,155,591,408,
"car_ims/001601.jpg",20,745,248,901,377,
"car_ims/001603.jpg",20,15,51,492,304,
"car_ims/001605.jpg",20,140,157,382,317,
"car_ims/001606.jpg",20,100,120,427,250,
"car_ims/001609.jpg",20,388,354,1193,766,
"car_ims/001611.jpg",20,8,57,387,265,
"car_ims/001613.jpg",20,47,76,387,238,
"car_ims/001615.jpg",20,15,75,632,297,
"car_ims/001618.jpg",20,125,111,1834,1020,
"car_ims/001619.jpg",20,138,323,581,596,
"car_ims/001621.jpg",20,17,134,486,318,
"car_ims/001622.jpg",20,75,155,973,705,
"car_ims/001626.jpg",20,79,70,474,237,
"car_ims/001629.jpg",20,54,107,981,589,
"car_ims/001630.jpg",20,55,74,578,379,
"car_ims/001631.jpg",20,40,148,1000,669,
"car_ims/001632.jpg",20,33,56,611,433,
"car_ims/001633.jpg",20,81,186,950,679,
"car_ims/001634.jpg",20,60,179,996,666,
"car_ims/001636.jpg",20,39,122,375,262,
"car_ims/001638.jpg",21,58,262,1142,643,
"car_ims/001639.jpg",21,95,212,767,501,
"car_ims/001641.jpg",21,27,34,385,175,
"car_ims/001642.jpg",21,81,269,722,513,
"car_ims/001643.jpg",21,25,32,581,265,
"car_ims/001644.jpg",21,109,113,356,228,
"car_ims/001645.jpg",21,60,122,517,329,
"car_ims/001648.jpg",21,60,360,999,666,
"car_ims/001650.jpg",21,13,79,305,165,
"car_ims/001651.jpg",21,52,66,263,199,
"car_ims/001653.jpg",21,9,206,793,526,
"car_ims/001655.jpg",21,249,2,276,51,
"car_ims/001658.jpg",21,41,18,412,197,
"car_ims/001661.jpg",21,172,19,519,219,
"car_ims/001662.jpg",21,29,243,613,422,
"car_ims/001664.jpg",21,0,44,100,84,
"car_ims/001665.jpg",21,154,172,570,419,
"car_ims/001667.jpg",21,23,150,883,544,
"car_ims/001668.jpg",21,29,85,427,281,
"car_ims/001670.jpg",21,98,344,994,742,
"car_ims/001673.jpg",21,284,284,908,532,
"car_ims/001675.jpg",21,35,88,376,274,
"car_ims/001677.jpg",21,6,26,296,147,
"car_ims/001678.jpg",21,68,137,550,334,
"car_ims/001679.jpg",21,8,27,282,156,
"car_ims/001681.jpg",21,32,56,441,304,
"car_ims/001683.jpg",21,0,82,259,163,
"car_ims/001684.jpg",21,9,14,189,103,
"car_ims/001685.jpg",21,14,117,492,281,
"car_ims/001686.jpg",21,39,80,333,206,
"car_ims/001688.jpg",21,359,39,732,437,
"car_ims/001689.jpg",21,76,320,1210,716,
"car_ims/001690.jpg",21,614,416,1620,928,
"car_ims/001691.jpg",21,30,74,247,158,
"car_ims/001692.jpg",21,11,53,266,152,
"car_ims/001693.jpg",21,122,158,630,385,
"car_ims/001694.jpg",21,68,46,582,326,
"car_ims/001695.jpg",21,13,39,297,194,
"car_ims/001696.jpg",21,24,112,574,371,
"car_ims/001699.jpg",21,22,105,75,269,
"car_ims/001701.jpg",21,68,279,1850,950,
"car_ims/001703.jpg",21,21,53,269,195,
"car_ims/001704.jpg",21,62,137,602,386,
"car_ims/001705.jpg",21,49,72,520,321,
"car_ims/001706.jpg",21,114,68,577,407,
"car_ims/001707.jpg",21,104,99,451,286,
"car_ims/001708.jpg",21,27,50,269,185,
"car_ims/001711.jpg",21,413,130,508,204,
"car_ims/001712.jpg",21,192,515,1913,1099,
"car_ims/001714.jpg",21,40,30,250,143,
"car_ims/001715.jpg",21,986,279,1031,407,
"car_ims/001716.jpg",21,241,261,1468,962,
"car_ims/001718.jpg",21,92,151,982,681,
"car_ims/001721.jpg",21,23,28,1261,746,
"car_ims/001722.jpg",22,27,32,566,389,
"car_ims/001723.jpg",22,80,104,284,193,
"car_ims/001724.jpg",22,63,152,585,407,
"car_ims/001726.jpg",22,70,167,757,387,
"car_ims/001727.jpg",22,52,60,223,149,
"car_ims/001728.jpg",22,22,177,782,533,
"car_ims/001731.jpg",22,218,562,1446,1013,
"car_ims/001732.jpg",22,26,100,467,267,
"car_ims/001733.jpg",22,62,143,455,282,
"car_ims/001734.jpg",22,43,461,1920,1040,
"car_ims/001735.jpg",22,181,152,464,353,
"car_ims/001737.jpg",22,35,122,265,205,
"car_ims/001739.jpg",22,529,156,633,223,
"car_ims/001741.jpg",22,347,526,1527,971,
"car_ims/001743.jpg",22,70,82,478,231,
"car_ims/001745.jpg",22,11,24,254,161,
"car_ims/001746.jpg",22,45,147,556,334,
"car_ims/001749.jpg",22,225,361,1337,829,
"car_ims/001750.jpg",22,12,59,247,134,
"car_ims/001751.jpg",22,50,169,991,587,
"car_ims/001752.jpg",22,22,63,295,163,
"car_ims/001753.jpg",22,30,70,555,269,
"car_ims/001756.jpg",22,46,151,600,322,
"car_ims/001757.jpg",22,60,76,227,158,
"car_ims/001759.jpg",22,108,174,539,338,
"car_ims/001760.jpg",22,12,114,237,188,
"car_ims/001763.jpg",22,29,54,275,190,
"car_ims/001764.jpg",22,12,31,254,108,
"car_ims/001766.jpg",22,14,98,295,190,
"car_ims/001767.jpg",22,36,175,719,469,
"car_ims/001769.jpg",22,53,168,466,345,
"car_ims/001771.jpg",22,72,204,698,542,
"car_ims/001772.jpg",22,41,84,566,297,
"car_ims/001773.jpg",22,99,52,668,333,
"car_ims/001775.jpg",22,15,53,297,142,
"car_ims/001776.jpg",22,14,165,531,388,
"car_ims/001777.jpg",22,14,324,672,565,
"car_ims/001778.jpg",22,63,116,585,404,
"car_ims/001780.jpg",22,55,61,267,176,
"car_ims/001782.jpg",22,17,27,457,233,
"car_ims/001789.jpg",22,81,70,279,167,
"car_ims/001791.jpg",22,130,171,691,493,
"car_ims/001794.jpg",22,13,263,1011,663,
"car_ims/001795.jpg",22,28,62,246,184,
"car_ims/001796.jpg",22,22,7,493,168,
"car_ims/001798.jpg",22,42,92,225,176,
"car_ims/001799.jpg",22,17,62,275,162,
"car_ims/001800.jpg",22,23,67,296,190,
"car_ims/001801.jpg",22,11,114,463,303,
"car_ims/001802.jpg",22,29,102,576,367,
"car_ims/001803.jpg",22,3,44,282,145,
"car_ims/001804.jpg",22,64,66,597,406,
"car_ims/001809.jpg",23,36,75,1592,1014,
"car_ims/001810.jpg",23,133,176,782,536,
"car_ims/001811.jpg",23,49,140,591,403,
"car_ims/001812.jpg",23,37,74,615,351,
"car_ims/001813.jpg",23,15,46,633,398,
"car_ims/001818.jpg",23,97,471,2508,1486,
"car_ims/001820.jpg",23,27,39,684,474,
"car_ims/001821.jpg",23,19,26,518,251,
"car_ims/001822.jpg",23,108,42,814,419,
"car_ims/001823.jpg",23,36,48,273,157,
"car_ims/001824.jpg",23,204,470,2535,1525,
"car_ims/001829.jpg",23,30,32,281,157,
"car_ims/001830.jpg",23,143,44,604,283,
"car_ims/001835.jpg",23,39,50,265,171,
"car_ims/001836.jpg",23,58,13,585,419,
"car_ims/001837.jpg",23,51,163,956,616,
"car_ims/001838.jpg",23,1,43,56,60,
"car_ims/001839.jpg",23,154,101,550,339,
"car_ims/001840.jpg",23,25,96,390,227,
"car_ims/001842.jpg",23,39,64,261,188,
"car_ims/001843.jpg",23,33,199,571,452,
"car_ims/001844.jpg",23,78,146,604,334,
"car_ims/001845.jpg",23,37,37,640,393,
"car_ims/001846.jpg",23,24,127,613,416,
"car_ims/001848.jpg",23,32,99,554,330,
"car_ims/001851.jpg",23,20,98,578,382,
"car_ims/001853.jpg",23,25,58,290,145,
"car_ims/001856.jpg",23,55,95,603,386,
"car_ims/001857.jpg",23,96,172,944,518,
"car_ims/001858.jpg",23,28,32,274,197,
"car_ims/001859.jpg",23,83,138,924,410,
"car_ims/001860.jpg",23,15,102,625,393,
"car_ims/001862.jpg",23,55,163,983,600,
"car_ims/001864.jpg",23,16,96,606,407,
"car_ims/001867.jpg",23,87,223,1938,1054,
"car_ims/001868.jpg",23,102,45,559,452,
"car_ims/001869.jpg",23,68,58,251,156,
"car_ims/001871.jpg",23,130,90,386,247,
"car_ims/001875.jpg",23,366,170,463,208,
"car_ims/001877.jpg",23,19,34,244,164,
"car_ims/001885.jpg",23,23,25,238,141,
"car_ims/001886.jpg",24,32,62,285,176,
"car_ims/001888.jpg",24,13,64,538,307,
"car_ims/001889.jpg",24,82,159,451,337,
"car_ims/001890.jpg",24,33,13,452,295,
"car_ims/001891.jpg",24,60,174,596,449,
"car_ims/001893.jpg",24,56,5,516,250,
"car_ims/001895.jpg",24,91,47,539,265,
"car_ims/001899.jpg",24,75,220,874,576,
"car_ims/001901.jpg",24,122,613,1902,1250,
"car_ims/001902.jpg",24,22,47,575,414,
"car_ims/001904.jpg",24,12,47,471,287,
"car_ims/001905.jpg",24,22,36,472,278,
"car_ims/001906.jpg",24,64,152,481,350,
"car_ims/001908.jpg",24,10,98,430,345,
"car_ims/001909.jpg",24,41,98,431,303,
"car_ims/001911.jpg",24,61,63,363,279,
"car_ims/001912.jpg",24,60,75,505,396,
"car_ims/001916.jpg",24,18,49,393,243,
"car_ims/001917.jpg",24,2,121,131,351,
"car_ims/001920.jpg",24,0,44,635,399,
"car_ims/001921.jpg",24,109,190,503,399,
"car_ims/001922.jpg",24,21,54,374,243,
"car_ims/001924.jpg",24,26,125,460,309,
"car_ims/001927.jpg",24,47,42,545,458,
"car_ims/001930.jpg",24,35,218,962,696,
"car_ims/001931.jpg",24,72,75,558,372,
"car_ims/001933.jpg",24,35,16,378,289,
"car_ims/001934.jpg",24,30,82,363,247,
"car_ims/001935.jpg",24,63,28,362,294,
"car_ims/001936.jpg",24,8,41,637,386,
"car_ims/001937.jpg",24,51,134,570,383,
"car_ims/001938.jpg",24,99,95,510,346,
"car_ims/001939.jpg",24,24,28,995,612,
"car_ims/001940.jpg",24,23,126,623,372,
"car_ims/001941.jpg",24,116,320,1124,964,
"car_ims/001943.jpg",24,25,31,1012,1317,
"car_ims/001944.jpg",24,39,81,365,284,
"car_ims/001945.jpg",24,51,44,375,202,
"car_ims/001946.jpg",24,111,170,860,516,
"car_ims/001947.jpg",24,0,0,1478,1048,
"car_ims/001950.jpg",24,58,29,369,227,
"car_ims/001952.jpg",24,15,45,430,287,
"car_ims/001956.jpg",24,70,111,590,348,
"car_ims/001957.jpg",24,37,59,417,274,
"car_ims/001958.jpg",24,66,85,962,732,
"car_ims/001959.jpg",24,25,2,390,258,
"car_ims/001960.jpg",24,17,91,537,335,
"car_ims/001961.jpg",24,16,33,382,220,
"car_ims/001962.jpg",24,33,62,554,299,
"car_ims/001963.jpg",24,39,22,401,306,
"car_ims/001966.jpg",24,19,31,548,262,
"car_ims/001972.jpg",24,16,56,432,247,
"car_ims/001973.jpg",24,32,48,736,448,
"car_ims/001978.jpg",25,48,111,446,271,
"car_ims/001979.jpg",25,312,252,1386,976,
"car_ims/001980.jpg",25,212,183,582,338,
"car_ims/001982.jpg",25,61,85,335,216,
"car_ims/001983.jpg",25,92,110,445,283,
"car_ims/001984.jpg",25,7,8,253,312,
"car_ims/001986.jpg",25,12,28,288,159,
"car_ims/001991.jpg",25,86,179,1120,623,
"car_ims/001992.jpg",25,29,35,237,144,
"car_ims/001994.jpg",25,36,105,368,244,
"car_ims/001996.jpg",25,168,149,495,349,
"car_ims/001997.jpg",25,35,129,609,355,
"car_ims/001999.jpg",25,46,121,935,506,
"car_ims/000050.jpg",1,9,3,93,41,1
"car_ims/001287.jpg",16,19,63,349,196,1
"car_ims/001301.jpg",17,17,111,358,240,0
"car_ims/001302.jpg",17,21,57,554,278,0
"car_ims/001310.jpg",17,16,24,580,282,0
"car_ims/001312.jpg",17,1,79,300,202,0
"car_ims/001319.jpg",17,20,240,862,677,0
"car_ims/001327.jpg",17,22,300,786,552,0
"car_ims/001369.jpg",17,5,22,142,84,1
"car_ims/001403.jpg",18,9,77,376,189,0
